ts,hr,spo2,temp,red,ir,green,battery
1761033538603,79,97,36.39,6,923,388,59
1761033538625,64,100,36.95,949,767,374,71
1761033538644,82,98,36.06,454,670,218,93
1761033538664,94,96,36.37,655,878,728,90
1761033538684,71,96,36.83,471,201,27,52
1761033538704,62,98,36.72,902,376,689,73
1761033538724,100,96,36.34,995,851,315,78
1761033538744,77,98,36.49,703,559,160,71
1761033538764,88,97,36.73,835,163,280,61
1761033538783,78,99,36.01,755,863,303,76
1761033538804,91,100,36.19,731,226,862,56
1761033538824,96,95,36.3,285,423,477,91
1761033538844,69,97,36.3,28,592,973,59
1761033538863,80,99,36.2,72,689,225,77
1761033538884,100,99,36.92,633,714,928,52
1761033538904,72,96,36.55,362,267,982,86
1761033538924,86,98,36.99,506,2,711,67
1761033538944,63,100,37.04,15,522,766,54
1761033538964,91,99,36.88,51,608,310,79
1761033538984,61,96,36.75,801,909,979,95
1761033539004,99,98,36.44,547,417,622,76
1761033539024,93,96,36.88,521,944,855,53
1761033539044,85,99,36.63,243,450,309,94
1761033539064,97,98,36.43,971,550,172,54
1761033539083,87,100,36.78,253,544,953,75
1761033539104,67,98,36.25,998,861,963,92
1761033539124,98,96,36.27,275,797,300,60
1761033539144,69,96,36.61,404,890,697,77
1761033539164,86,97,36.02,614,899,369,50
1761033539183,68,97,36.28,784,594,887,76
1761033539204,65,98,37.15,943,55,670,72
1761033539224,73,97,36.6,312,853,175,59
1761033539244,83,99,36.1,401,174,936,79
1761033539264,76,96,37.2,912,175,776,83
1761033539284,79,100,37.07,593,457,805,93
1761033539305,86,96,36.15,356,150,115,77
1761033539324,81,97,36.72,859,613,924,94
1761033539344,82,99,36.43,767,600,20,76
1761033539364,93,98,36.9,821,474,412,56
1761033539384,97,96,36.19,331,132,100,75
1761033539404,81,95,36.79,248,590,555,93
1761033539424,76,97,36.94,400,148,406,50
1761033539444,74,95,37.05,322,502,37,69
1761033539464,73,97,37.14,356,634,527,77
1761033539483,78,96,36.03,614,842,442,97
1761033539504,83,100,36.04,45,879,617,87
1761033539524,81,99,36.42,59,916,798,61
1761033539544,87,97,36.81,254,999,289,65
1761033539564,99,95,36.67,172,995,708,57
1761033539584,99,95,36.46,708,132,323,87
1761033539604,79,97,36.93,681,456,69,73
1761033539624,72,96,36.47,188,759,356,75
1761033539643,97,97,36.12,12,509,612,50
1761033539664,90,99,36.09,615,962,683,95
1761033539684,78,96,36.81,187,168,840,51
1761033539704,68,99,37.14,288,978,431,81
1761033539724,97,98,36.98,591,903,123,83
1761033539744,96,99,37.15,45,313,564,73
1761033539764,69,95,37.03,861,331,428,63
1761033539784,95,96,36.44,706,120,100,81
1761033539804,62,98,36.25,7,27,881,85
1761033539824,94,95,36.47,634,710,805,80
1761033539844,76,96,36.41,839,896,426,84
1761033539864,77,97,36.83,716,366,290,65
1761033539883,69,99,36.98,588,511,431,81
1761033539904,86,99,36.79,247,561,472,88
1761033539924,92,97,36.13,299,13,699,80
1761033539944,69,96,36.91,634,186,980,66
1761033539964,64,99,36.39,506,74,99,85
1761033539984,82,96,36.77,515,858,19,91
1761033540004,75,99,36.65,159,791,555,56
1761033540025,100,98,36.59,764,983,111,60
1761033540043,97,100,36.11,939,802,643,81
1761033540064,89,98,36.31,787,931,920,88
1761033540084,89,99,36.12,473,71,225,83
1761033540104,65,98,37.09,466,775,809,64
1761033540124,80,99,36.61,828,587,981,79
1761033540143,84,98,36.49,438,572,670,70
1761033540164,98,97,37.03,395,911,666,68
1761033540184,92,98,37.03,208,531,750,68
1761033540204,89,99,36.82,981,346,258,54
1761033540224,92,99,36.31,548,336,308,74
1761033540244,99,100,37.03,661,173,437,68
1761033540264,80,96,36.21,547,146,58,75
1761033540284,97,96,36.53,195,92,543,90
1761033540304,73,99,37,613,836,853,55
1761033540324,78,96,36.74,561,659,813,96
1761033540343,65,98,36.68,824,358,886,96
1761033540364,88,99,36.37,806,16,716,80
1761033540384,70,96,36.43,310,856,42,56
1761033540404,69,98,37.17,854,710,425,92
1761033540424,84,96,36.84,181,580,45,59
1761033540444,68,96,37.07,211,193,559,65
1761033540464,65,98,36.93,868,282,61,100
1761033540485,98,96,36.8,408,727,532,76
1761033540504,74,96,37.07,491,119,969,97
1761033540523,69,99,36.15,919,755,533,81
1761033540542,86,97,36.18,323,954,86,55
1761033540565,100,96,36.63,109,35,0,91
1761033540584,70,95,37.19,515,154,351,53
1761033540604,73,97,37.15,885,170,449,55
1761033540624,85,95,36.44,499,312,328,82
1761033540644,76,95,36.19,764,782,471,55
1761033540664,91,100,36.07,602,644,665,86
1761033540684,66,98,36.8,620,593,529,78
1761033540704,70,97,36.26,890,127,410,66
1761033540724,70,98,36.43,175,858,935,62
1761033540744,72,97,36.1,290,957,259,79
1761033540764,82,96,36.17,419,8,290,96
1761033540784,67,97,36.43,728,101,782,53
1761033540804,90,97,36.73,905,157,980,60
1761033540824,60,99,36.8,94,616,861,87
1761033540844,99,97,36.93,343,360,391,61
1761033540864,99,99,36.26,419,722,373,94
1761033540884,82,98,36.73,21,865,701,82
1761033540904,94,96,36.84,360,519,998,81
1761033540925,93,95,36.86,232,359,438,67
1761033540944,96,98,36.92,189,503,869,98
1761033540963,79,98,36.44,963,873,134,69
1761033540985,93,99,37.19,910,937,654,52
1761033541004,76,96,37.18,837,127,265,89
1761033541024,96,96,36.87,313,267,204,94
1761033541044,67,98,36.43,333,349,221,89
1761033541064,72,98,36.98,10,522,594,85
1761033541084,87,97,36.53,655,770,874,91
1761033541104,68,99,36.72,34,211,491,96
1761033541123,70,95,37.06,688,861,209,100
1761033541144,74,99,36.74,651,298,105,90
1761033541167,75,100,36.34,412,172,372,81
1761033541184,74,98,36.16,757,935,129,92
1761033541204,61,99,36.06,875,992,456,76
1761033541224,79,96,36.81,942,240,743,56
1761033541244,67,97,36.17,619,866,579,75
1761033541264,82,100,36.78,915,0,316,66
1761033541284,89,96,36.43,950,108,655,91
1761033541304,62,97,36.23,768,168,121,55
1761033541324,92,100,36.03,307,97,127,60
1761033541343,83,96,36.86,489,615,930,75
1761033541365,73,95,36.71,898,886,672,67
1761033541384,60,96,36.31,449,575,899,63
1761033541404,84,97,36.87,783,213,964,74
1761033541423,65,99,36.29,359,302,56,62
1761033541444,65,99,36.38,316,558,738,60
1761033541464,99,99,36.59,502,864,154,50
1761033541484,94,96,36.41,800,379,700,97
1761033541504,97,96,36.66,791,617,666,94
1761033541524,65,98,36.86,750,18,270,56
1761033541544,63,96,36.16,121,786,801,90
1761033541564,60,96,36.08,942,348,934,58
1761033541583,60,100,37.1,814,668,593,61
1761033541604,61,99,37.1,875,859,495,93
1761033541624,89,100,37.19,636,429,198,89
1761033541644,97,100,36.23,405,890,937,79
1761033541664,75,98,36.69,938,527,965,70
1761033541684,100,97,36.26,216,416,34,58
1761033541704,74,98,36.14,254,739,608,80
1761033541724,77,99,36.81,227,571,346,88
1761033541744,81,97,37.13,752,266,873,82
1761033541764,80,98,36.25,826,741,235,76
1761033541784,87,97,36.3,520,981,283,83
1761033541804,74,99,36.16,647,470,786,79
1761033541824,73,96,36.65,922,597,967,69
1761033541844,84,96,36.84,955,359,461,58
1761033541864,66,95,36.2,242,855,476,72
1761033541884,89,97,36.39,120,77,775,57
1761033541902,100,98,37.1,517,364,466,61
1761033541924,91,97,36.22,58,864,275,54
1761033541944,96,96,36.24,298,305,71,78
1761033541964,96,96,36.13,840,473,493,87
1761033541984,96,96,36.51,724,523,258,76
1761033542004,91,100,36.33,399,152,658,67
1761033542024,93,96,36.34,573,197,747,61
1761033542044,91,95,36.55,846,670,562,100
1761033542064,64,98,36.35,417,733,321,56
1761033542084,63,97,36.17,640,788,763,91
1761033542104,93,99,36.02,374,142,552,92
1761033542124,90,98,36.77,978,221,397,50
1761033542144,62,98,36.79,270,904,877,78
1761033542164,67,97,37.01,261,706,989,90
1761033542184,77,96,37.18,416,291,573,77
1761033542204,63,98,37.13,415,624,299,85
1761033542224,100,99,36.07,972,110,365,89
1761033542244,78,95,36.35,389,36,633,52
1761033542264,89,99,36.26,894,446,389,81
1761033542284,81,99,36.65,934,995,375,75
1761033542305,88,98,36.89,792,118,814,95
1761033542324,80,96,37.2,752,489,559,71
1761033542344,98,100,37,400,535,973,70
1761033542363,70,99,36.83,172,712,218,95
1761033542384,71,98,37.08,346,14,326,61
1761033542404,87,96,36.94,589,419,385,78
1761033542424,81,97,37.12,110,967,832,74
1761033542444,78,100,36.22,732,625,18,62
1761033542464,73,100,36.64,502,241,990,100
1761033542484,98,97,36.37,820,99,909,67
1761033542505,79,98,36.19,545,962,834,94
1761033542524,61,97,36.42,768,865,334,76
1761033542543,99,96,36.24,43,480,179,98
1761033542564,80,99,36.01,483,989,355,82
1761033542584,79,97,36.1,305,72,444,84
1761033542604,72,96,36.61,400,464,145,90
1761033542624,91,96,36.63,88,921,907,51
1761033542644,85,98,37.01,52,570,474,99
1761033542664,61,100,36.51,353,185,417,89
1761033542684,72,97,36.45,286,539,523,66
1761033542704,89,97,36.04,657,105,879,69
1761033542724,97,96,36.18,290,541,605,65
1761033542744,69,98,36.6,920,918,549,80
1761033542764,86,96,36.17,142,614,834,85
1761033542784,88,98,36.51,755,613,231,50
1761033542804,75,96,36.87,232,410,373,53
1761033542824,98,97,37,147,525,168,88
1761033542844,62,95,36.8,522,66,394,94
1761033542864,68,96,36.54,654,734,849,97
1761033542884,94,96,37.12,83,233,236,84
1761033542904,62,96,37.19,562,455,498,59
1761033542924,77,96,36.15,729,809,683,96
1761033542944,92,97,36.31,128,600,36,59
1761033542964,79,99,37.06,635,74,499,92
1761033542984,64,95,37.12,954,417,686,62
1761033543004,72,97,36.74,198,620,736,76
1761033543024,99,99,37.1,488,525,563,69
1761033543044,88,100,36.32,740,898,498,54
1761033543064,86,97,37.09,380,823,118,53
1761033543084,62,96,36.43,867,957,484,72
1761033543104,89,99,36.14,345,222,897,93
1761033543124,90,96,36.8,863,902,151,58
1761033543144,73,98,36.64,758,922,324,67
1761033543164,66,100,36.68,377,760,915,51
1761033543184,93,100,36.28,346,141,443,88
1761033543204,86,96,37.07,455,344,794,92
1761033543224,94,100,36.17,869,173,131,83
1761033543244,63,95,37.08,205,55,244,51
1761033543264,86,98,36.32,5,773,945,85
1761033543284,62,96,36.25,945,614,565,63
1761033543304,62,99,36.66,728,539,349,82
1761033543325,96,96,36.98,67,130,152,55
1761033543344,72,100,36.05,780,743,549,55
1761033543364,88,95,36.17,760,378,682,80
1761033543383,78,98,37.03,611,259,114,51
1761033543404,70,100,36.56,895,949,708,72
1761033543424,61,96,36.05,177,978,617,63
1761033543444,63,96,36.57,976,940,674,66
1761033543464,65,98,36.76,829,698,741,95
1761033543484,77,98,37.13,689,969,389,74
1761033543503,74,95,36.86,104,307,808,76
1761033543524,96,97,36.65,989,430,958,91
1761033543544,88,97,36.82,985,106,400,82
1761033543564,73,98,36.12,530,320,94,90
1761033543584,65,97,37.18,555,495,14,52
1761033543604,62,100,36.13,14,972,758,72
1761033543624,97,100,36.93,355,760,228,74
1761033543644,80,95,36.59,170,475,169,73
1761033543665,77,100,36.1,859,540,456,63
1761033543684,89,95,36.03,277,617,681,97
1761033543704,94,99,36.16,436,125,867,79
1761033543724,60,96,36.59,233,160,565,55
1761033543744,72,96,36.53,10,225,740,60
1761033543764,94,97,37.01,751,623,622,71
1761033543783,78,95,36.06,500,414,666,87
1761033543804,80,97,36.48,565,66,384,93
1761033543824,96,96,36.98,925,241,279,91
1761033543844,61,98,36.41,387,41,76,83
1761033543864,92,99,37.08,234,597,756,97
1761033543884,89,95,37.01,862,844,329,63
1761033543904,90,100,37.1,419,191,866,67
1761033543924,97,99,36.95,808,45,971,51
1761033543944,89,98,36.72,802,715,373,79
1761033543964,98,99,36.6,29,964,401,86
1761033543984,90,97,37.02,611,940,727,66
1761033544003,78,99,37.11,770,613,951,91
1761033544024,61,99,36.95,308,554,512,73
1761033544044,98,97,36.2,145,114,294,74
1761033544064,70,97,36.95,743,416,461,82
1761033544084,62,95,37.03,21,393,495,84
1761033544104,97,99,36.28,524,505,494,53
1761033544124,94,97,36.88,401,102,897,89
1761033544144,76,96,36.73,515,429,276,55
1761033544164,82,97,36.21,126,975,97,73
1761033544184,88,97,36.56,273,875,912,72
1761033544204,89,100,36.9,748,505,738,91
1761033544224,84,96,36.84,388,549,978,56
1761033544244,96,100,36.2,405,696,52,66
1761033544264,99,95,36.7,563,45,951,67
1761033544284,89,96,37.02,200,91,799,59
1761033544305,95,97,36.57,19,432,502,80
1761033544324,85,98,36.38,996,655,364,63
1761033544344,77,96,36.97,83,376,298,87
1761033544364,66,97,36.74,99,864,980,55
1761033544383,63,98,37.01,525,897,151,79
1761033544404,99,97,36.72,878,268,582,70
1761033544424,82,98,36.96,408,983,708,63
1761033544444,98,100,36.39,722,817,240,85
1761033544464,99,100,36.67,286,897,116,74
1761033544484,88,97,36.77,657,845,530,65
1761033544505,71,98,36.16,860,271,643,97
1761033544524,74,97,36.42,170,286,346,67
1761033544543,92,97,36.69,595,395,938,66
1761033544564,68,97,36.37,259,797,377,94
1761033544584,86,97,36.44,107,961,256,96
1761033544604,98,98,36.84,215,524,801,89
1761033544624,87,100,37.17,778,28,834,64
1761033544644,96,98,36.66,638,524,828,51
1761033544664,96,95,36.94,800,781,201,87
1761033544685,87,97,36.62,831,864,476,83
1761033544703,94,99,36.36,55,688,290,90
1761033544724,70,99,36.16,308,158,656,91
1761033544744,71,99,36.39,408,534,496,72
1761033544764,75,98,36.2,57,241,33,77
1761033544783,74,96,37.01,859,335,130,87
1761033544804,69,97,36.1,991,189,35,74
1761033544824,70,98,36.84,92,554,372,89
1761033544844,74,95,36.64,185,456,140,63
1761033544864,92,96,36.67,972,195,66,93
1761033544884,60,98,36.27,734,387,672,54
1761033544904,76,97,36.89,155,207,468,57
1761033544924,70,98,36.47,421,516,7,53
1761033544944,63,97,36.2,441,238,182,83
1761033544964,100,97,36.54,148,162,827,57
1761033544984,74,96,37.01,153,812,283,73
1761033545004,67,97,36.33,637,842,499,97
1761033545023,90,96,36.67,218,994,903,66
1761033545044,95,96,36.71,625,171,749,66
1761033545065,70,98,36.08,153,652,791,63
1761033545084,87,95,36.76,787,327,989,77
1761033545103,75,97,36.11,962,647,580,68
1761033545124,91,95,36.21,415,512,315,85
1761033545144,83,100,36.51,190,621,164,88
1761033545164,86,98,36.36,846,282,859,82
1761033545184,68,97,36.26,252,627,744,64
1761033545205,84,96,36.4,542,185,63,59
1761033545223,65,99,36.1,621,319,172,72
1761033545244,65,96,37.11,979,683,980,70
1761033545264,69,99,36.36,867,970,143,82
1761033545284,89,96,36.16,419,580,296,92
1761033545305,76,99,37.2,339,254,944,71
1761033545324,72,96,37.02,133,775,308,96
1761033545344,72,95,36.12,498,233,336,95
1761033545364,87,97,36.98,349,528,714,53
1761033545383,93,97,36.7,694,479,409,92
1761033545404,78,96,36.91,734,575,639,78
1761033545424,82,98,36.98,663,965,928,83
1761033545444,62,96,36.67,235,167,237,54
1761033545463,97,97,36.33,643,903,583,73
1761033545484,90,96,36.63,906,54,830,81
1761033545505,72,99,36.53,656,621,913,69
1761033545523,71,99,36.16,173,285,513,51
1761033545543,70,100,36.99,205,679,255,68
1761033545565,88,98,36.84,782,491,159,57
1761033545583,80,97,36.8,848,188,351,76
1761033545604,98,99,36.81,176,644,387,52
1761033545623,61,96,36.12,807,587,892,83
1761033545645,84,96,36.59,524,432,875,80
1761033545664,87,98,37.09,53,175,208,78
1761033545684,89,97,36.38,774,841,553,62
1761033545704,82,96,36.83,281,147,975,80
1761033545724,73,97,36.26,50,845,169,86
1761033545744,70,96,36.42,618,893,595,76
1761033545763,71,98,37.12,88,52,434,96
1761033545784,71,100,37.17,591,711,84,54
1761033545804,63,96,36.92,277,878,16,91
1761033545824,75,96,36.84,786,572,915,54
1761033545844,94,98,37.19,67,983,976,62
1761033545864,88,96,36.22,252,419,540,60
1761033545884,82,96,36.52,471,660,533,77
1761033545904,68,98,36.59,564,888,992,79
1761033545924,78,96,36.31,59,487,45,88
1761033545944,66,95,36.76,822,120,125,88
1761033545964,78,97,36.74,555,713,916,87
1761033545984,77,100,36.41,964,824,296,72
1761033546004,65,100,36.02,198,625,9,95
1761033546024,94,98,36.57,13,108,699,50
1761033546044,73,97,37.14,341,652,857,76
1761033546064,80,99,36.42,766,506,249,72
1761033546084,96,100,37.16,286,816,115,60
1761033546104,70,96,36.05,472,698,656,89
1761033546124,99,99,36.49,624,110,194,71
1761033546144,73,96,36.44,827,355,487,55
1761033546164,70,100,36.63,730,433,427,99
1761033546184,64,95,36.34,31,80,2,75
1761033546204,95,97,36.55,641,137,942,61
1761033546224,70,100,37.07,377,806,316,65
1761033546244,99,98,36.72,804,457,703,72
1761033546264,67,97,36.51,713,75,723,68
1761033546284,83,99,36.04,657,384,542,81
1761033546304,80,99,36.87,268,463,937,62
1761033546323,87,99,36.75,526,184,346,92
1761033546344,73,96,36.03,786,848,527,79
1761033546364,87,97,36.08,607,500,750,51
1761033546384,82,97,37.02,860,142,872,70
1761033546404,84,99,36.09,864,540,640,95
1761033546424,84,98,36.19,351,371,339,51
1761033546444,63,97,36.87,395,254,405,53
1761033546464,81,97,36.32,84,506,116,72
1761033546484,96,96,36.85,333,938,773,54
1761033546504,89,98,36.96,897,556,701,93
1761033546523,93,96,36.68,990,45,822,89
1761033546544,84,97,36.99,81,585,726,77
1761033546563,96,98,36.21,562,656,396,97
1761033546584,79,97,36.54,382,79,372,56
1761033546604,84,96,36.98,569,37,263,58
1761033546624,99,99,36.85,112,610,743,51
1761033546644,90,100,36.09,849,223,209,99
1761033546664,95,97,36.84,97,538,115,100
1761033546684,99,97,36.46,368,897,196,75
1761033546704,94,96,36.6,588,535,732,56
1761033546724,81,96,36.87,324,678,328,66
1761033546744,70,97,36.97,85,22,253,73
1761033546762,67,96,36.15,837,165,122,91
1761033546784,82,97,36.21,584,278,220,87
1761033546804,63,95,37,489,381,690,84
1761033546824,85,98,36.61,157,928,667,67
1761033546844,71,95,36.38,238,752,164,96
1761033546864,89,97,36.45,840,332,454,81
1761033546884,82,99,36.28,943,703,998,96
1761033546904,82,100,37.07,526,886,213,55
1761033546924,62,98,37.18,381,755,385,56
1761033546944,68,97,36.04,812,501,743,54
1761033546964,72,97,36.91,415,16,406,52
1761033546984,71,100,36.96,438,381,994,88
1761033547004,73,100,37.07,111,589,903,81
1761033547024,62,97,36.84,382,433,32,77
1761033547044,97,96,37.13,922,435,140,91
1761033547064,96,96,36.83,845,839,836,84
1761033547084,85,98,36.81,640,225,976,58
1761033547104,85,99,36.81,949,875,656,67
1761033547124,91,98,36.86,353,21,331,98
1761033547144,72,100,36.2,463,153,697,66
1761033547164,75,97,36.03,73,560,749,75
1761033547183,100,96,36.06,565,44,504,78
1761033547204,62,95,37,905,263,310,72
1761033547223,71,95,36.81,546,667,540,90
1761033547244,82,99,36.71,643,965,340,97
1761033547264,89,98,36.58,718,83,649,55
1761033547284,99,96,36.22,620,105,977,79
1761033547304,73,95,36.5,624,310,346,83
1761033547324,96,96,36.34,149,642,570,81
1761033547344,66,96,36.11,701,63,642,59
1761033547364,88,98,36.26,387,252,7,59
1761033547384,96,97,36.92,399,738,716,66
1761033547403,83,98,36.37,763,670,649,73
1761033547425,70,98,37.11,262,206,720,87
1761033547444,89,99,36.83,308,489,169,70
1761033547464,69,95,36.53,974,659,317,59
1761033547484,98,100,36.54,933,573,108,70
1761033547504,73,98,36.64,874,739,679,99
1761033547523,80,95,36.63,50,186,747,72
1761033547544,66,95,37.04,534,253,343,53
1761033547564,85,99,36.94,740,347,15,80
1761033547584,86,99,36.62,187,785,575,75
1761033547603,90,100,37,935,978,284,73
1761033547624,91,96,36.67,982,664,306,89
1761033547644,86,96,36.07,98,241,32,78
1761033547664,66,100,36.73,444,687,889,60
1761033547684,99,98,36.51,530,271,57,68
1761033547704,91,99,36.44,801,612,13,67
1761033547724,95,99,36.72,178,920,297,59
1761033547744,67,97,36.96,864,8,464,60
1761033547763,62,96,37,922,927,968,83
1761033547784,86,97,36.15,277,266,777,52
1761033547804,79,96,36.11,148,945,541,75
1761033547824,95,98,36.81,565,555,894,81
1761033547845,100,97,36.34,258,452,626,89
1761033547864,98,96,36,547,371,335,59
1761033547884,70,99,36.92,17,571,454,84
1761033547904,87,96,36.18,355,381,624,87
1761033547924,85,99,37.08,34,258,156,87
1761033547944,85,99,36.54,376,647,161,67
1761033547964,88,95,36.79,289,331,699,82
1761033547984,89,98,36.09,493,607,453,67
1761033548004,86,97,36.8,14,896,782,54
1761033548022,93,96,37.19,656,273,378,84
1761033548044,94,99,37.03,719,298,959,76
1761033548064,70,96,36.31,799,325,206,97
1761033548084,81,99,36.95,269,214,810,68
1761033548104,60,99,37,429,483,293,73
1761033548124,97,96,36.46,482,391,893,60
1761033548143,65,99,36.25,382,298,551,55
1761033548164,68,99,37.19,146,409,11,53
1761033548184,78,99,36.3,147,768,319,76
1761033548204,83,97,36.73,508,247,798,80
1761033548224,83,97,37.03,138,893,740,95
1761033548244,74,95,36.17,737,931,197,66
1761033548264,85,96,36.72,566,804,357,85
1761033548284,71,97,36.92,661,40,330,68
1761033548303,95,100,36.12,863,377,995,93
1761033548323,89,99,37.12,277,215,847,56
1761033548344,76,97,36.43,10,669,657,85
1761033548364,95,96,37.03,879,404,58,91
1761033548384,70,99,36.86,625,83,275,97
1761033548404,72,97,36.55,775,971,828,50
1761033548424,64,98,36.68,71,796,233,66
1761033548444,91,99,36.97,212,869,411,71
1761033548464,94,96,36.1,23,176,280,85
1761033548484,99,98,37.17,804,122,338,58
1761033548504,86,96,36.33,380,632,134,88
1761033548524,66,99,36.43,365,671,783,61
1761033548545,88,99,36.37,213,121,294,95
1761033548564,97,96,36.13,286,797,991,81
1761033548584,66,98,36.18,453,986,927,71
1761033548604,92,98,36.98,230,429,504,84
1761033548624,83,99,37.03,445,467,100,88
1761033548644,92,100,36.49,755,352,480,80
1761033548664,75,96,36.69,857,829,204,87
1761033548684,75,99,36.76,948,512,80,52
1761033548703,77,99,36.08,220,469,421,61
1761033548724,97,96,36.02,974,943,879,74
1761033548744,72,96,36.27,825,864,365,84
1761033548764,89,96,36.86,17,23,608,100
1761033548785,90,97,36.03,588,921,466,87
1761033548804,90,100,36.55,426,761,498,63
1761033548824,79,96,36.22,635,71,216,96
1761033548844,73,99,36.56,981,905,194,87
1761033548864,74,99,36.26,447,172,48,96
1761033548883,69,99,36.22,939,273,760,67
1761033548904,87,96,36.02,105,90,774,66
1761033548924,85,98,36.55,834,913,518,80
1761033548944,88,100,36.16,799,423,941,88
1761033548964,96,98,36.16,389,936,219,79
1761033548984,94,98,36.42,235,134,320,94
1761033549004,71,99,36.97,885,733,195,68
1761033549024,62,99,36.61,557,822,119,97
1761033549045,71,100,36.6,270,9,303,87
1761033549064,89,98,36.1,143,828,282,89
1761033549084,85,97,36.3,341,887,906,97
1761033549104,84,98,36.2,922,351,196,75
1761033549124,92,98,36.75,781,224,854,94
1761033549144,64,99,36.66,831,554,419,79
1761033549164,87,96,36.34,401,965,167,97
1761033549184,74,96,36.97,401,382,220,72
1761033549204,89,98,36.43,767,785,810,75
1761033549224,77,96,36.31,725,664,586,89
1761033549244,88,97,36.14,108,972,17,79
1761033549264,94,99,36.59,9,755,349,78
1761033549284,79,97,36.09,325,220,751,98
1761033549304,64,95,36.72,32,500,633,88
1761033549324,75,100,37.19,696,517,602,95
1761033549344,64,99,36.38,691,465,957,99
1761033549364,72,98,36.43,606,778,310,61
1761033549384,63,98,37.16,310,341,38,75
1761033549404,93,97,37.08,890,635,593,75
1761033549424,85,95,37.14,105,100,113,69
1761033549444,80,100,36.18,648,361,22,80
1761033549464,99,99,36.51,273,984,582,70
1761033549484,95,97,36.34,253,258,369,60
1761033549504,77,97,36.78,361,600,613,79
1761033549524,90,98,36.55,341,572,732,83
1761033549543,71,97,36.84,111,492,832,68
1761033549565,62,100,36.82,100,145,871,73
1761033549583,73,99,36.26,270,55,997,58
1761033549604,99,99,36.9,118,991,410,56
1761033549624,83,97,36.94,242,373,958,53
1761033549644,89,97,36.05,37,181,601,72
1761033549664,64,98,36.42,977,418,995,53
1761033549684,74,96,36.19,748,256,842,53
1761033549704,87,98,37.05,906,776,664,51
1761033549724,69,96,37.18,740,957,512,93
1761033549744,95,100,36.7,530,883,824,72
1761033549764,67,96,37.09,64,555,559,96
1761033549784,61,98,36.26,640,646,173,91
1761033549804,95,96,36.14,959,373,714,83
1761033549824,71,99,36.28,635,794,170,88
1761033549844,81,96,37.19,544,451,767,89
1761033549864,73,96,37.04,92,800,611,53
1761033549884,78,97,36,657,169,460,70
1761033549905,93,99,36.1,70,273,453,52
1761033549924,84,98,36.88,277,273,713,70
1761033549944,92,99,36.48,916,621,707,64
1761033549964,61,99,36.71,685,860,670,68
1761033549984,70,96,36.25,106,813,61,70
1761033550004,88,98,36.92,528,333,149,92
1761033550024,94,99,37.14,114,250,606,57
1761033550044,91,96,36.51,494,650,902,81
1761033550064,63,99,36.45,983,724,819,55
1761033550084,73,97,36.11,398,116,872,69
1761033550104,66,99,37.01,115,115,683,83
1761033550124,61,96,36.83,631,496,411,57
1761033550144,85,96,36.5,317,298,249,88
1761033550164,96,97,36.56,272,642,65,80
1761033550184,68,100,36.74,757,672,59,56
1761033550204,83,95,36.78,910,283,103,70
1761033550224,68,100,36.35,14,6,707,90
1761033550244,80,98,36.98,804,301,350,57
1761033550264,77,98,36.91,203,396,957,90
1761033550284,86,95,36.31,244,523,983,53
1761033550304,97,96,36.38,276,988,546,98
1761033550323,68,100,36.02,547,199,59,72
1761033550344,79,97,37.19,201,502,609,60
1761033550364,82,99,36.06,507,547,397,71
1761033550384,84,98,36.63,503,148,97,75
1761033550404,91,98,36.51,554,234,906,63
1761033550424,79,100,36.01,273,295,703,99
1761033550444,92,96,36.34,523,535,883,63
1761033550464,99,96,37,737,207,459,51
1761033550483,61,97,36.84,848,709,1,84
1761033550504,99,99,36.11,887,383,695,84
1761033550524,94,100,36.8,151,156,655,63
1761033550544,69,97,36.2,459,164,118,75
1761033550564,78,98,37,216,569,422,82
1761033550584,65,99,36.96,112,934,545,77
1761033550604,93,98,36.44,608,424,71,55
1761033550624,81,96,36.44,290,855,525,67
1761033550644,62,99,37.06,759,142,279,74
1761033550664,95,98,36.35,677,408,727,86
1761033550684,94,97,36.06,272,221,57,61
1761033550704,63,96,36.82,360,311,591,80
1761033550724,94,98,36.66,337,157,261,87
1761033550744,89,96,36.71,779,529,842,61
1761033550764,63,99,36.49,386,900,803,74
1761033550785,94,97,36.11,24,683,693,70
1761033550810,100,97,37.17,747,852,829,51
1761033550824,64,99,36.5,218,120,111,66
1761033550843,73,98,36,497,898,617,92
1761033550864,95,99,37.13,922,801,72,79
1761033550884,68,98,36.22,559,760,980,75
1761033550905,79,96,37.12,379,413,360,52
1761033550924,78,96,36.41,937,736,471,53
1761033550944,98,95,37.14,64,936,138,97
1761033550964,94,98,37.15,796,15,273,52
1761033550984,92,98,36.36,934,680,40,87
1761033551005,69,100,36.38,322,41,242,80
1761033551024,78,98,36.61,693,52,245,94
1761033551044,86,96,37.12,765,408,793,100
1761033551064,70,100,36.55,582,233,833,82
1761033551084,73,97,36.64,884,821,374,96
1761033551104,62,99,36.77,308,484,42,57
1761033551124,75,98,37.06,682,249,695,87
1761033551144,84,98,37.18,317,294,873,56
1761033551164,96,95,36.29,227,568,360,74
1761033551184,63,99,36.93,291,226,938,92
1761033551203,69,98,36.97,390,629,379,88
1761033551223,80,99,36.22,844,461,106,87
1761033551244,85,95,36.23,866,599,35,90
1761033551264,74,97,36.07,96,875,347,79
1761033551284,86,98,36.23,689,43,414,90
1761033551304,94,99,36.64,884,900,627,76
1761033551323,74,97,36.3,817,270,352,98
1761033551344,76,95,37.04,282,113,949,71
1761033551364,84,99,36.13,996,589,635,65
1761033551384,67,99,36.61,962,246,566,94
1761033551404,86,96,36.33,538,64,990,80
1761033551424,82,96,36.84,720,195,873,88
1761033551444,96,98,36.5,208,632,982,54
1761033551464,84,95,36.94,716,435,389,63
1761033551484,88,97,37.01,363,519,754,76
1761033551504,92,98,36.75,264,817,488,68
1761033551523,67,98,37.19,502,335,433,65
1761033551544,95,95,36.95,414,787,280,76
1761033551564,66,97,36.68,648,128,593,74
1761033551584,93,99,36.69,964,980,190,53
1761033551604,100,100,36.65,674,285,49,98
1761033551624,62,95,36.63,388,977,538,74
1761033551644,92,96,36.24,45,731,348,90
1761033551664,65,99,36.16,468,115,418,89
1761033551684,92,97,37.1,638,679,93,88
1761033551704,60,99,36.26,871,56,499,50
1761033551724,81,99,36.15,810,970,99,62
1761033551744,91,96,36.45,526,740,321,74
1761033551764,79,96,36.03,612,590,348,63
1761033551784,100,98,36.01,949,51,855,53
1761033551804,61,99,36.84,156,850,464,68
1761033551824,96,99,36.65,879,198,330,100
1761033551844,64,98,36.47,923,129,825,79
1761033551864,67,98,36.62,266,613,343,90
1761033551884,85,95,36.97,760,577,527,94
1761033551904,87,96,36.63,507,807,899,91
1761033551924,75,96,36.33,965,295,188,63
1761033551944,94,96,36.88,56,31,723,53
1761033551964,90,98,36.62,612,702,935,52
1761033551984,99,99,36.74,751,736,529,63
1761033552004,89,95,36.6,354,721,593,52
1761033552024,80,97,37.18,296,499,632,65
1761033552044,89,99,36.36,594,58,433,85
1761033552065,65,96,37.03,126,72,261,66
1761033552084,62,100,37.18,710,541,362,63
1761033552104,85,97,36.9,189,588,738,87
1761033552123,73,98,36.53,469,179,737,98
1761033552144,82,96,37.05,494,344,827,84
1761033552164,72,95,36.81,795,62,407,99
1761033552184,72,98,36.32,38,872,561,93
1761033552204,97,98,37.11,9,496,386,57
1761033552224,84,99,36.9,287,967,117,71
1761033552243,71,98,36.36,407,585,8,63
1761033552264,65,100,36.81,651,789,992,76
1761033552284,97,99,36.03,872,866,667,82
1761033552304,68,96,36.22,707,69,480,75
1761033552324,90,99,36.27,275,918,923,79
1761033552344,86,97,36.43,289,173,763,79
1761033552364,90,97,36.9,596,461,206,88
1761033552384,96,97,36.87,878,526,476,57
1761033552403,84,96,36.62,932,370,128,67
1761033552424,71,98,36.92,191,300,921,84
1761033552444,84,97,36.42,539,432,340,80
1761033552464,74,98,36.7,848,345,833,52
1761033552484,96,95,36.37,711,524,731,82
1761033552504,73,95,36.1,202,80,123,53
1761033552524,63,99,36.79,716,636,698,65
1761033552544,67,97,36.43,755,643,509,79
1761033552564,91,100,37.04,955,318,174,71
1761033552584,96,98,36.47,147,835,967,96
1761033552604,72,98,36.27,717,60,976,90
1761033552624,87,95,36.56,886,787,394,53
1761033552644,71,100,36.61,623,861,268,63
1761033552664,77,100,36.16,784,840,903,56
1761033552684,87,97,36.88,370,400,68,99
1761033552705,98,98,36.69,465,431,83,99
1761033552724,97,100,36.11,539,298,86,69
1761033552744,94,99,37.03,422,178,910,90
1761033552764,78,97,37.12,739,434,653,75
1761033552784,69,99,37.02,924,354,476,66
1761033552804,65,96,36.5,358,408,940,50
1761033552824,91,96,36.22,168,29,549,95
1761033552844,90,96,36.67,791,183,526,77
1761033552864,75,99,36.95,163,8,592,66
1761033552884,68,98,36.75,282,701,674,76
1761033552904,94,98,36.94,145,736,670,57
1761033552924,85,95,36.6,618,709,738,52
1761033552944,96,96,36.92,748,939,139,98
1761033552964,65,98,36.19,220,803,211,87
1761033552985,90,95,36.46,259,244,904,74
1761033553004,69,96,36.78,274,90,362,59
1761033553024,91,100,37.04,843,651,130,56
1761033553044,74,99,36.96,420,806,257,87
1761033553064,90,96,36.93,350,640,860,83
1761033553084,84,96,36.84,3,36,63,80
1761033553104,79,97,36.59,263,187,387,82
1761033553124,94,98,37.05,345,249,881,83
1761033553144,91,96,36.59,997,303,883,72
1761033553164,66,97,37.14,895,208,178,69
1761033553184,72,100,36.75,884,693,830,63
1761033553204,89,98,36.47,404,75,231,60
1761033553224,67,97,36.83,712,829,57,90
1761033553244,84,98,37.1,754,403,55,59
1761033553264,78,100,36.86,816,361,719,94
1761033553284,85,97,36.96,978,254,630,86
1761033553304,76,96,36.52,934,232,325,60
1761033553323,98,100,36.85,997,255,251,77
1761033553344,73,98,36.87,348,485,842,61
1761033553364,72,95,36.04,349,919,928,57
1761033553384,91,99,36.22,549,194,784,84
1761033553404,78,99,36.94,908,419,183,69
1761033553424,78,99,36.18,532,703,792,97
1761033553444,89,96,36.99,973,469,824,86
1761033553464,85,95,36.8,79,358,305,92
1761033553484,87,97,36.88,46,734,889,97
1761033553504,84,96,36.68,243,625,168,69
1761033553523,77,96,36.37,981,461,674,58
1761033553544,79,97,36.78,338,980,830,61
1761033553564,88,98,36.08,544,481,957,97
1761033553584,98,96,36.35,223,983,499,99
1761033553604,93,99,36.12,597,463,274,66
1761033553624,77,95,36.19,608,116,401,63
1761033553644,77,97,36.46,334,687,158,88
1761033553664,70,99,36.92,775,895,840,62
1761033553684,64,96,36.51,241,434,834,59
1761033553704,99,100,36.53,982,229,440,70
1761033553724,67,99,36.01,30,40,431,75
1761033553744,69,95,36.19,852,72,726,90
1761033553765,62,97,36.22,704,948,963,64
1761033553783,95,97,36.91,585,586,990,87
1761033553804,96,96,36.65,741,234,829,69
1761033553824,85,96,36.76,432,270,350,50
1761033553844,94,98,36.34,108,278,796,93
1761033553863,78,99,36.27,273,199,128,54
1761033553884,67,98,36.93,598,68,278,71
1761033553904,93,98,36.69,34,161,327,90
1761033553924,93,97,36.21,642,932,304,88
1761033553945,84,98,37.11,415,507,28,74
1761033553963,82,99,37.09,704,71,630,51
1761033553984,78,96,36.21,715,873,457,92
1761033554004,90,99,36.14,615,555,958,91
1761033554023,75,100,36.4,272,476,240,97
1761033554044,92,98,36.15,78,440,885,98
1761033554064,83,99,36.26,654,628,204,63
1761033554084,73,99,36.98,881,498,433,51
1761033554104,78,96,36.7,711,572,638,66
1761033554124,87,98,36.9,383,109,482,71
1761033554144,82,97,36.29,355,883,191,65
1761033554164,99,99,36.24,816,854,379,64
1761033554184,85,96,36.98,773,317,791,62
1761033554203,86,97,36.26,897,742,934,92
1761033554223,68,96,36.52,564,31,998,68
1761033554244,82,96,36.5,518,325,191,55
1761033554264,80,97,36.72,556,758,485,61
1761033554284,93,99,36.85,300,341,216,84
1761033554304,82,97,37.01,19,711,569,88
1761033554324,60,98,37.18,619,370,702,80
1761033554344,61,98,36.05,755,621,651,100
1761033554364,76,97,36.24,651,449,696,58
1761033554384,88,96,36.32,184,347,157,91
1761033554404,96,96,36.89,370,602,3,97
1761033554424,66,100,37.18,47,27,977,64
1761033554445,60,99,37.04,618,189,902,78
1761033554464,76,95,36.47,894,121,726,77
1761033554484,95,99,36.47,571,535,883,58
1761033554504,86,99,36.61,413,901,427,94
1761033554524,69,97,36.47,413,714,403,51
1761033554544,74,99,37.14,101,492,68,57
1761033554564,72,95,36.75,497,974,442,55
1761033554584,65,97,36.6,583,831,237,89
1761033554604,89,96,36.33,710,851,619,62
1761033554624,80,96,36.73,23,425,482,92
1761033554644,73,99,36.2,203,738,865,63
1761033554664,74,97,36.36,826,51,822,65
1761033554683,97,99,36.56,159,516,216,81
1761033554705,69,99,36.88,868,333,397,99
1761033554725,66,97,36.25,33,449,956,72
1761033554744,60,98,36.85,714,26,52,97
1761033554763,88,97,36.02,205,331,515,56
1761033554784,99,95,36.18,459,41,269,98
1761033554804,60,96,36.17,247,20,586,100
1761033554824,61,100,36.8,991,316,400,86
1761033554844,61,99,36.47,17,383,80,86
1761033554864,98,98,36.51,180,140,131,73
1761033554884,98,97,36.62,724,344,583,98
1761033554905,98,98,36.1,290,631,109,93
1761033554924,74,98,36.2,65,177,87,90
1761033554944,65,96,36.92,491,608,40,59
1761033554964,90,98,36.57,43,482,490,82
1761033554984,65,100,36.66,818,518,841,75
1761033555004,68,100,36.3,655,113,312,53
1761033555023,95,98,36.57,298,318,935,87
1761033555044,65,96,36.57,546,113,954,86
1761033555064,62,98,36.92,146,533,778,53
1761033555083,72,99,37.14,298,466,724,82
1761033555104,95,99,36.9,798,913,486,67
1761033555124,99,99,36.65,150,989,848,91
1761033555144,76,99,36.04,614,453,96,87
1761033555164,84,100,36.64,227,370,695,83
1761033555184,98,97,36.56,749,108,212,64
1761033555204,88,97,36.68,294,764,208,67
1761033555223,83,98,36.23,778,589,142,71
1761033555244,97,100,37.03,813,14,203,54
1761033555264,98,98,36.62,446,594,555,51
1761033555284,85,96,36.96,23,707,23,75
1761033555304,86,99,36.68,150,151,114,60
1761033555324,95,99,36.41,412,589,697,59
1761033555344,83,100,36.09,588,606,89,76
1761033555364,97,100,36.96,890,133,972,82
1761033555384,69,98,36.57,968,146,415,96
1761033555403,98,97,36.5,561,27,370,66
1761033555424,99,95,36.98,448,925,929,55
1761033555444,89,98,36.15,93,582,590,86
1761033555463,78,99,36.37,87,584,609,96
1761033555484,70,100,36.53,479,789,132,87
1761033555505,91,97,37.04,924,925,559,57
1761033555524,70,99,36.79,469,166,804,69
1761033555544,62,96,36.62,524,825,896,94
1761033555564,92,97,36.99,811,346,354,80
1761033555584,82,99,37.19,465,111,845,83
1761033555604,99,96,36.97,830,83,20,57
1761033555624,65,98,36.21,67,862,603,59
1761033555646,73,95,36.34,329,757,115,92
1761033555664,86,97,36.39,650,512,735,64
1761033555684,71,100,36.49,181,879,922,89
1761033555704,72,100,36.39,902,250,103,53
1761033555724,84,96,37.2,322,590,552,61
1761033555744,68,96,36.51,86,830,989,83
1761033555764,91,97,36.46,34,419,331,62
1761033555784,74,99,36.31,197,618,868,79
1761033555804,69,98,36.9,606,265,975,98
1761033555824,70,96,36.66,455,792,110,84
1761033555844,66,96,36.38,236,432,107,86
1761033555864,76,97,36.3,962,414,258,98
1761033555884,70,97,36.79,982,312,747,82
1761033555904,63,95,36.96,599,644,808,66
1761033555924,85,100,37.09,246,189,691,78
1761033555944,75,98,36.37,285,556,157,76
1761033555964,72,99,36.21,16,151,326,92
1761033555984,99,95,36.41,211,779,66,72
1761033556004,72,99,36.12,254,599,251,53
1761033556024,60,98,36.29,760,259,703,62
1761033556044,88,96,36.05,75,232,721,87
1761033556064,97,99,37.19,317,602,137,53
1761033556084,65,97,36.67,508,406,963,53
1761033556104,67,97,36.56,978,582,215,79
1761033556124,94,95,36.94,651,758,445,79
1761033556144,76,95,37.16,126,327,12,68
1761033556163,88,96,36.98,23,742,575,51
1761033556184,96,97,36.33,300,144,577,60
1761033556204,83,98,36.6,619,152,197,78
1761033556224,74,99,36.08,118,732,822,68
1761033556244,94,96,36.47,437,753,873,82
1761033556264,80,99,36.77,2,42,366,86
1761033556284,67,98,36.56,221,61,405,76
1761033556303,89,99,36.18,54,553,224,55
1761033556324,74,100,36.93,999,97,670,90
1761033556344,98,97,36.65,394,298,312,80
1761033556364,84,98,36.13,190,227,990,63
1761033556384,70,96,36.89,448,265,482,79
1761033556404,67,96,36.25,45,614,644,75
1761033556424,66,98,36.31,343,974,586,54
1761033556444,75,95,36.17,574,919,642,76
1761033556464,78,96,36.38,706,155,572,71
1761033556483,80,100,36.49,610,500,162,71
1761033556504,68,98,37.04,62,369,195,65
1761033556524,63,99,37.16,479,286,508,87
1761033556544,98,96,36.49,722,2,731,97
1761033556564,91,99,36.19,556,245,696,88
1761033556584,82,97,36.92,208,4,304,85
1761033556604,76,97,36.5,524,50,299,54
1761033556624,99,100,36.76,524,830,323,88
1761033556644,96,96,36.98,690,771,231,97
1761033556664,90,96,36.56,623,149,78,54
1761033556684,72,95,36.58,157,95,559,51
1761033556704,95,96,36.29,33,528,465,99
1761033556724,71,98,36.29,774,496,961,68
1761033556745,71,98,36.92,840,952,942,71
1761033556764,72,96,36.98,21,241,863,93
1761033556784,62,96,36.68,466,714,553,72
1761033556804,87,100,36.12,493,175,299,51
1761033556824,79,96,36.93,832,813,813,94
1761033556844,83,95,36.32,964,725,652,61
1761033556864,74,98,36.26,223,833,380,54
1761033556883,91,99,36.59,875,694,181,80
1761033556904,86,99,37.07,249,425,678,74
1761033556924,91,99,36.7,418,381,693,72
1761033556944,64,95,37.18,187,685,213,65
1761033556964,66,96,36.07,120,582,109,95
1761033556984,74,98,36.39,422,247,959,98
1761033557004,74,97,37.13,951,319,982,52
1761033557024,88,99,36.88,265,341,8,71
1761033557044,73,96,36.03,65,52,443,77
1761033557064,83,97,36.74,942,441,698,67
1761033557083,80,98,36.67,814,131,538,56
1761033557103,81,99,36.33,975,434,178,63
1761033557125,85,97,36.83,990,155,113,56
1761033557144,67,97,36.57,187,888,476,58
1761033557164,77,96,36.55,806,689,174,58
1761033557184,66,97,36.18,843,470,692,82
1761033557204,72,95,36.92,690,625,295,92
1761033557224,85,100,36.79,929,399,807,90
1761033557244,76,95,37.04,189,451,721,51
1761033557264,73,95,36.97,763,344,966,84
1761033557284,80,98,36.57,896,430,981,87
1761033557305,73,97,36.3,744,388,102,52
1761033557324,87,97,36.54,61,262,742,67
1761033557344,73,97,36.23,654,532,835,85
1761033557364,84,97,36.46,933,518,512,56
1761033557384,87,99,36.35,27,268,595,74
1761033557404,70,98,36.12,280,439,427,74
1761033557424,92,99,36.39,186,704,385,56
1761033557444,65,100,36.48,29,11,441,79
1761033557464,77,99,36.2,736,970,444,64
1761033557484,79,100,36.32,143,192,197,82
1761033557504,75,98,36.46,552,279,724,87
1761033557524,82,100,36.41,37,203,769,83
1761033557544,91,98,36.44,646,668,232,86
1761033557564,78,98,36.33,213,705,498,76
1761033557584,64,95,36.19,10,376,484,70
1761033557604,68,98,36.31,370,97,383,97
1761033557624,77,98,37.19,646,184,396,62
1761033557644,68,98,36.71,203,244,595,84
1761033557664,94,100,36.97,199,296,6,62
1761033557684,68,97,36.5,517,227,219,53
1761033557704,79,98,36.3,206,245,208,94
1761033557724,97,96,36.68,492,876,570,60
1761033557744,73,99,36.23,79,854,12,51
1761033557764,68,96,36.63,108,43,395,88
1761033557784,97,99,36.13,562,365,536,65
1761033557804,77,99,36.98,890,702,271,74
1761033557824,77,95,36.66,657,558,756,74
1761033557844,88,99,36.03,466,740,664,85
1761033557864,91,96,36.91,618,6,444,98
1761033557884,71,97,37.1,55,662,796,71
1761033557904,72,96,37.11,628,250,423,75
1761033557924,62,96,36.73,726,630,840,88
1761033557944,98,97,36.71,902,396,935,59
1761033557964,76,96,37,604,571,935,64
1761033557984,94,98,36.54,573,477,39,67
1761033558004,78,98,36.49,710,785,732,84
1761033558024,83,96,36.33,860,857,284,74
1761033558044,99,97,36.59,469,477,136,66
1761033558064,97,99,36.3,458,65,895,77
1761033558084,69,100,36.87,983,942,890,70
1761033558104,76,97,36.84,75,35,706,52
1761033558124,96,97,36.22,934,545,424,77
1761033558144,60,95,36.66,837,280,563,55
1761033558164,68,98,36.71,311,809,675,53
1761033558184,95,99,36.07,678,234,665,50
1761033558204,86,95,36.29,614,974,129,75
1761033558223,83,96,36.44,451,662,142,68
1761033558244,69,96,36.13,618,752,806,65
1761033558264,90,96,36.45,152,266,242,69
1761033558284,78,98,36.87,579,634,489,85
1761033558304,72,98,36.85,798,371,561,81
1761033558324,84,97,36.44,561,637,868,83
1761033558344,62,99,36.32,455,690,13,71
1761033558364,72,98,36.66,762,865,823,69
1761033558384,61,100,36.25,504,461,320,75
1761033558404,97,97,36.86,358,247,962,81
1761033558424,69,100,37.16,408,282,779,76
1761033558444,81,100,37.19,108,602,853,75
1761033558464,61,97,36.4,483,723,408,80
1761033558484,84,98,37.01,223,548,243,59
1761033558504,63,98,36.58,137,382,819,77
1761033558523,85,100,36.91,863,885,795,55
1761033558544,89,97,36.44,640,771,828,100
1761033558564,98,100,36.37,997,270,687,83
1761033558584,86,96,36.31,562,169,254,50
1761033558604,69,98,36.67,649,140,314,83
1761033558624,69,98,37.05,970,86,581,59
1761033558644,91,97,36.19,903,294,755,53
1761033558664,75,95,36.2,854,939,452,56
1761033558684,98,98,36.47,617,236,358,84
1761033558705,98,99,36.1,964,171,847,59
1761033558724,92,97,36.5,313,54,26,95
1761033558744,66,96,36.4,972,649,420,86
1761033558764,84,98,37.13,627,28,582,76
1761033558784,97,96,36.28,86,38,941,94
1761033558804,74,98,36.27,55,416,861,52
1761033558823,74,96,37.02,531,599,920,78
1761033558844,81,98,36.48,997,33,29,53
1761033558864,66,100,36.91,843,195,190,50
1761033558884,67,95,36.92,747,641,316,98
1761033558904,73,98,36.01,927,486,759,68
1761033558924,100,98,36.97,142,464,411,85
1761033558944,81,96,36.07,299,840,842,63
1761033558964,88,100,36.07,217,738,967,88
1761033558982,85,99,36.94,233,95,435,83
1761033559004,99,97,37.07,448,656,748,83
1761033559024,75,96,36.78,393,622,915,96
1761033559044,95,99,37.07,95,256,991,96
1761033559063,93,99,36.86,263,256,348,96
1761033559084,96,99,37.08,591,590,904,75
1761033559104,91,99,37.13,264,607,952,89
1761033559124,97,98,37.11,275,50,824,72
1761033559144,68,99,36.18,588,447,788,94
1761033559164,70,99,37.2,606,198,116,52
1761033559184,98,99,36.95,271,180,722,95
1761033559204,99,95,36.42,943,522,248,99
1761033559224,91,97,36.12,790,864,824,59
1761033559244,76,100,37.15,635,680,834,98
1761033559264,71,98,36.93,265,645,338,78
1761033559284,93,97,36.44,79,374,333,70
1761033559304,66,99,36.96,381,761,881,84
1761033559324,74,96,36.25,696,970,135,54
1761033559344,94,97,36.77,54,382,389,88
1761033559364,65,98,36.97,326,42,489,70
1761033559384,92,99,36.76,430,393,663,93
1761033559404,79,98,36.87,719,208,389,51
1761033559424,87,96,36.03,748,54,360,59
1761033559444,99,98,37.18,927,492,331,53
1761033559464,65,98,36.52,123,953,783,85
1761033559484,75,98,36.5,247,204,899,100
1761033559504,96,97,36.21,716,826,782,67
1761033559523,66,98,36.21,397,704,364,89
1761033559544,64,98,36.46,870,875,48,86
1761033559564,82,99,36.81,392,767,642,87
1761033559584,79,97,36.88,441,540,54,61
1761033559604,67,96,36.95,772,371,934,83
1761033559624,91,98,37.12,409,351,736,57
1761033559644,86,99,37,747,271,677,71
1761033559664,76,97,37.02,211,468,504,92
1761033559685,86,98,36.24,659,888,515,69
1761033559704,80,95,36.41,651,489,563,83
1761033559723,93,100,36.05,873,999,149,66
1761033559744,93,96,37.06,541,436,379,54
1761033559764,62,97,36.04,959,135,850,63
1761033559784,78,97,36.27,778,641,622,69
1761033559802,71,97,37.09,958,829,124,70
1761033559824,84,99,36.48,96,988,696,58
1761033559843,61,97,36.41,352,359,894,58
1761033559864,98,97,36.1,920,217,346,97
1761033559884,71,98,36.13,18,39,737,96
1761033559904,68,98,36.09,237,292,309,77
1761033559923,91,95,36.65,7,207,750,92
1761033559944,73,100,36.53,602,488,878,55
1761033559964,92,96,36.34,317,459,54,88
1761033559984,93,98,36.3,793,605,213,52
1761033560004,82,95,36.82,61,314,381,71
1761033560024,82,96,36.82,662,219,976,73
1761033560044,63,100,36.03,952,232,331,57
1761033560064,71,98,36.17,926,83,28,77
1761033560084,97,100,36.44,996,403,269,76
1761033560104,78,95,36.97,14,536,26,57
1761033560124,62,97,36.51,839,353,54,74
1761033560144,80,100,36.57,77,423,126,76
1761033560164,84,99,36.59,753,821,41,72
1761033560184,62,98,36.73,777,942,283,66
1761033560204,60,99,37.19,596,681,559,91
1761033560223,97,99,36.85,171,552,777,77
1761033560244,63,98,36.24,27,736,691,63
1761033560264,67,96,36.53,0,950,926,81
1761033560284,83,99,36.36,666,274,867,55
1761033560304,89,98,36.12,706,151,378,60
1761033560323,63,100,36.52,721,707,895,86
1761033560344,65,98,37.16,524,449,604,57
1761033560364,70,96,36.35,879,981,374,85
1761033560384,66,98,36.85,305,456,251,71
1761033560405,93,99,36.07,875,147,278,63
1761033560424,90,96,36.66,157,796,175,78
1761033560444,70,98,36.9,674,139,118,97
1761033560464,67,95,36.07,323,156,831,85
1761033560484,86,97,36.35,738,846,774,97
1761033560504,89,97,36.07,878,919,385,67
1761033560524,61,99,36.22,453,25,420,69
1761033560544,90,97,36.75,337,516,109,54
1761033560564,79,100,36.68,882,615,8,68
1761033560584,66,96,37.15,11,459,960,62
1761033560604,89,98,37.16,8,60,785,69
1761033560624,97,97,37.11,323,95,202,100
1761033560644,73,98,36.26,493,685,142,57
1761033560664,72,96,36.46,503,863,638,87
1761033560684,93,99,36.19,261,376,803,83
1761033560704,69,97,36.08,282,403,694,54
1761033560723,60,96,36.85,726,348,910,97
1761033560744,72,97,37.02,931,388,195,67
1761033560764,68,98,36.48,304,360,296,75
1761033560784,96,99,36.34,495,676,108,87
1761033560804,64,97,36.74,184,740,729,91
1761033560823,85,97,36.56,495,225,104,63
1761033560844,77,100,36.37,855,970,174,96
1761033560864,72,95,37.09,397,415,521,56
1761033560884,80,96,36.84,929,824,875,55
1761033560904,76,96,36.33,282,170,916,94
1761033560924,97,100,36.32,71,555,25,74
1761033560944,68,100,37.01,103,577,677,57
1761033560964,72,98,36.68,397,599,41,82
1761033560984,75,100,37.05,337,953,785,70
1761033561004,96,96,37.02,955,82,923,96
1761033561024,68,98,36.47,498,253,220,76
1761033561044,88,96,37.19,711,270,888,66
1761033561065,96,98,37.16,22,89,495,55
1761033561084,82,98,36.05,298,923,697,59
1761033561103,100,96,36.92,682,154,586,96
1761033561124,78,96,36.88,987,938,705,65
1761033561144,76,97,36.3,393,507,582,83
1761033561165,60,96,37.01,834,228,49,75
1761033561184,99,98,37,270,43,197,99
1761033561203,80,97,36.24,481,288,287,77
1761033561224,91,100,36.42,519,420,551,55
1761033561244,95,97,36.46,859,450,978,97
1761033561264,81,97,36.32,69,132,668,58
1761033561284,73,99,36.57,513,816,923,95
1761033561304,89,96,37.16,137,62,170,88
1761033561324,61,96,36.84,900,922,790,64
1761033561344,77,96,36.4,543,293,887,99
1761033561364,91,99,37.09,497,619,11,67
1761033561384,74,100,36.35,171,927,661,70
1761033561404,90,97,37.19,294,302,838,74
1761033561424,91,97,37.15,250,499,340,71
1761033561444,99,99,36.61,236,108,798,80
1761033561464,76,99,36.65,889,816,669,75
1761033561484,79,98,37.19,878,868,933,63
1761033561504,70,98,36.42,952,279,210,92
1761033561522,83,98,36.15,641,562,159,78
1761033561544,76,95,36.59,342,651,21,58
1761033561564,89,99,36.68,61,403,586,90
1761033561585,99,97,36.45,492,392,358,59
1761033561604,98,98,36.45,653,553,782,52
1761033561624,60,98,36.38,74,102,605,50
1761033561644,88,98,36.11,65,75,707,95
1761033561664,82,97,36.77,560,547,865,95
1761033561684,83,99,36.26,942,460,611,90
1761033561704,95,99,36.98,463,279,995,84
1761033561723,80,96,36.35,175,400,264,50
1761033561744,63,98,36.23,740,436,873,60
1761033561764,82,96,36.72,314,430,859,54
1761033561783,100,98,36.26,400,921,780,93
1761033561804,78,97,37.17,726,659,464,53
1761033561823,91,96,36.5,737,492,535,99
1761033561844,98,96,36.14,249,619,395,56
1761033561864,87,98,37.06,461,558,56,61
1761033561883,97,99,37.11,240,41,170,91
1761033561904,84,100,36.5,799,793,715,97
1761033561924,79,97,36.01,682,521,473,71
1761033561944,96,99,36.2,313,49,843,80
1761033561963,87,95,36.6,673,825,158,80
1761033561984,98,99,36.92,167,871,238,57
1761033562004,70,100,37,856,244,254,51
1761033562024,78,98,36.16,982,784,206,92
1761033562044,72,98,36.07,240,666,220,98
1761033562064,75,95,37.12,950,840,831,94
1761033562083,99,99,36.59,129,990,204,75
1761033562103,98,96,36.03,219,683,752,98
1761033562124,63,98,36.54,691,547,714,95
1761033562145,86,97,36.54,962,920,651,53
1761033562164,99,96,36.19,82,34,189,96
1761033562183,73,99,36,736,692,620,89
1761033562204,84,97,37.2,561,200,309,97
1761033562223,67,96,36.31,348,634,880,55
1761033562244,97,99,36.6,578,116,892,53
1761033562264,63,96,36.86,273,168,530,88
1761033562283,78,98,37.15,208,384,706,61
1761033562304,60,97,37.07,994,562,888,56
1761033562324,90,96,36.17,145,867,139,79
1761033562344,86,98,36.36,793,166,162,79
1761033562364,92,96,36.41,677,233,570,60
1761033562384,63,98,36.47,432,944,252,79
1761033562404,82,98,36.75,892,992,519,99
1761033562424,97,99,36.39,273,537,848,60
1761033562444,87,97,36.75,910,234,983,65
1761033562464,71,97,36.49,86,840,553,59
1761033562484,88,100,36.43,774,270,76,61
1761033562504,86,96,37.12,522,437,755,90
1761033562524,81,100,36.38,291,618,865,88
1761033562544,90,97,37.05,790,578,565,99
1761033562564,73,98,36.47,337,937,612,65
1761033562584,71,99,37.16,52,817,756,66
1761033562604,92,99,36.96,243,136,149,83
1761033562624,88,97,36.47,96,703,746,69
1761033562644,89,95,36.67,751,139,547,78
1761033562664,97,98,36.57,563,900,341,59
1761033562684,68,96,36.84,944,715,778,54
1761033562704,80,98,36.4,379,582,134,60
1761033562725,65,96,36.21,892,18,141,75
1761033562744,68,99,36.6,304,431,2,67
1761033562763,75,97,37.03,276,184,642,69
1761033562784,99,97,36.5,293,18,290,84
1761033562804,67,97,36.58,126,413,818,81
1761033562824,90,95,36.6,776,753,561,60
1761033562844,63,99,36.26,754,852,130,52
1761033562864,98,98,37.09,856,552,416,82
1761033562884,93,98,36.24,469,439,190,70
1761033562904,88,97,37.05,332,699,740,52
1761033562923,61,99,36.63,354,532,592,64
1761033562944,99,97,36.15,464,638,470,55
1761033562964,78,99,36.7,261,413,929,99
1761033562984,85,98,36.71,325,684,427,97
1761033563004,88,96,36.66,429,984,856,61
1761033563023,76,97,36.38,485,236,387,91
1761033563044,81,96,36.88,500,842,213,65
1761033563064,60,97,36.34,770,942,826,77
1761033563083,63,96,36.28,639,624,95,78
1761033563104,80,96,36.64,760,203,802,51
1761033563124,92,95,36.34,979,823,67,97
1761033563144,89,98,36.03,470,627,584,83
1761033563164,66,99,36.53,92,415,884,77
1761033563184,80,96,36.58,800,74,367,86
1761033563204,70,97,36.77,901,829,415,65
1761033563223,72,95,36.42,836,657,142,66
1761033563244,72,98,36.66,311,504,887,79
1761033563264,63,97,36.15,100,109,287,66
1761033563284,72,96,36.92,393,597,231,90
1761033563304,69,98,36.8,864,253,330,70
1761033563324,62,96,36.64,287,265,221,86
1761033563344,97,98,36.83,690,584,450,78
1761033563363,98,99,36.63,68,724,727,93
1761033563384,65,95,36.36,398,780,18,54
1761033563404,86,95,36.77,741,110,350,61
1761033563424,87,99,37.18,109,562,389,56
1761033563443,95,97,36.51,224,768,932,58
1761033563464,69,97,36.53,56,631,318,92
1761033563484,90,100,36.91,537,485,276,71
1761033563504,81,96,36.39,89,536,930,83
1761033563525,63,99,36.49,712,725,8,90
1761033563544,92,95,36.5,375,575,985,95
1761033563563,72,99,36.43,832,749,792,52
1761033563584,95,98,36.69,176,108,973,58
1761033563604,92,96,36.62,361,877,142,92
1761033563624,77,98,36,439,192,427,67
1761033563643,72,100,37.11,988,534,924,91
1761033563664,66,97,36.78,254,448,395,80
1761033563684,66,100,36.52,32,47,111,53
1761033563704,76,98,37.05,25,427,27,65
1761033563724,90,98,36.07,959,459,633,95
1761033563744,94,99,36.52,397,669,70,52
1761033563764,93,97,37.12,29,927,716,95
1761033563784,82,95,36.79,693,719,330,95
1761033563804,93,100,36.59,243,381,532,53
1761033563823,80,96,36.64,944,463,12,51
1761033563844,80,99,36.12,556,987,704,90
1761033563864,61,98,36.29,222,157,245,94
1761033563884,80,97,37.15,431,181,473,88
1761033563904,77,97,36.75,703,25,647,57
1761033563923,84,95,36.48,229,6,398,88
1761033563944,80,97,36.22,325,82,42,52
1761033563964,96,96,36.61,834,637,930,98
1761033563984,98,99,36.01,845,341,327,57
1761033564004,92,95,37.02,936,898,665,54
1761033564024,84,96,37.09,399,452,122,67
1761033564043,82,98,36.27,368,932,587,81
1761033564064,80,100,36.02,73,279,633,55
1761033564084,69,100,36.51,935,272,981,64
1761033564104,64,97,36.87,595,20,135,99
1761033564124,85,99,36.2,128,527,490,75
1761033564144,73,98,37.16,941,503,569,91
1761033564163,66,97,36.03,678,514,557,66
1761033564183,76,97,36.75,223,232,578,68
1761033564205,62,99,36.49,319,90,738,85
1761033564224,77,96,37.15,124,508,425,58
1761033564243,82,99,37.03,324,873,454,67
1761033564264,61,96,37.07,2,846,931,67
1761033564283,73,96,36.64,466,996,666,98
1761033564304,98,99,36.57,556,838,72,94
1761033564324,63,98,36.16,482,890,389,77
1761033564345,78,96,36.69,880,578,992,94
1761033564363,60,99,36.82,601,715,675,91
1761033564384,93,100,36.91,389,751,89,58
1761033564405,80,97,36.61,156,703,452,92
1761033564424,60,100,36.05,858,160,159,77
1761033564444,79,97,36.44,223,48,685,63
1761033564463,97,96,36.07,333,58,499,65
1761033564484,84,99,37.16,28,61,540,85
1761033564504,78,98,36.66,888,673,836,77
1761033564524,72,96,36.35,662,487,957,93
1761033564544,94,95,36.91,124,515,446,94
1761033564564,80,98,37.07,482,906,845,62
1761033564584,71,96,36.12,255,879,392,57
1761033564603,95,96,36.44,195,194,574,94
1761033564624,81,96,37.1,420,952,538,83
1761033564644,66,100,36.66,66,851,431,83
1761033564664,70,98,36.93,478,755,219,59
1761033564684,90,96,36.32,677,703,320,63
1761033564704,95,96,36.07,849,59,43,97
1761033564724,83,95,36.96,116,432,232,60
1761033564744,90,95,36.43,656,791,73,70
1761033564764,77,96,36.3,379,273,427,66
1761033564784,90,95,36.4,889,877,811,83
1761033564803,74,99,36.74,399,325,306,95
1761033564824,99,98,36.4,260,323,223,94
1761033564844,82,98,37.05,956,789,844,71
1761033564864,88,99,36.44,238,511,476,96
1761033564884,83,97,36.08,567,833,229,56
1761033564904,81,97,36.91,535,910,729,65
1761033564924,75,99,37.03,966,494,679,97
1761033564944,74,99,36.13,651,26,327,84
1761033564964,65,97,37,484,758,57,85
1761033564985,75,96,36.75,312,200,563,92
1761033565004,63,96,36.71,945,122,807,88
1761033565024,63,97,37.1,83,519,588,79
1761033565044,90,99,36.37,195,533,951,97
1761033565064,70,97,37.14,596,656,609,90
1761033565084,100,97,36.6,810,8,277,75
1761033565104,96,95,36.46,726,857,448,77
1761033565124,95,99,36.86,247,87,129,86
1761033565143,98,98,36.71,589,995,364,95
1761033565164,97,96,36.68,97,674,524,87
1761033565184,83,99,36.42,554,665,329,54
1761033565204,65,97,36.19,641,868,318,56
1761033565222,92,95,36.97,697,883,393,75
1761033565244,80,98,36.63,781,889,715,70
1761033565264,65,98,36.95,764,201,331,52
1761033565284,85,97,36.71,326,69,67,94
1761033565304,89,95,36.79,972,95,80,56
1761033565324,70,99,36.56,405,797,417,52
1761033565344,85,96,36.8,600,654,554,76
1761033565364,86,95,36.88,12,112,604,68
1761033565384,82,97,37.09,971,506,907,81
1761033565404,98,96,37.12,188,659,868,55
1761033565424,86,98,36.58,827,413,134,77
1761033565444,85,99,36.34,895,231,816,85
1761033565464,71,100,36.41,973,882,660,62
1761033565484,97,96,36.32,453,868,145,78
1761033565504,77,96,36.29,823,240,694,94
1761033565524,84,97,37.16,326,115,559,55
1761033565544,77,95,36.04,56,83,975,95
1761033565564,63,96,36.44,468,316,537,80
1761033565584,82,99,36.39,639,272,177,73
1761033565604,66,100,36.73,649,334,279,83
1761033565624,86,95,36.24,160,796,495,51
1761033565644,81,100,36.56,642,199,737,62
1761033565664,95,95,36.3,393,842,60,59
1761033565684,99,97,36.36,812,93,325,81
1761033565704,89,98,37.14,777,285,465,64
1761033565724,62,96,36.01,491,15,772,88
1761033565744,87,97,36.1,54,643,184,58
1761033565764,99,96,36.89,976,127,940,76
1761033565784,76,97,36.29,350,419,125,72
1761033565804,70,99,36.23,228,856,585,85
1761033565824,93,99,36.46,511,511,927,88
1761033565844,69,96,36.53,98,718,695,91
1761033565864,90,100,36.14,356,386,115,55
1761033565884,100,99,36.4,168,402,750,75
1761033565904,74,98,36.91,247,397,989,75
1761033565924,79,97,36.82,966,718,406,51
1761033565944,62,98,37,356,772,231,70
1761033565964,61,97,36.69,445,10,817,71
1761033565984,97,95,36.92,928,83,624,61
1761033566004,71,96,37.1,367,515,435,65
1761033566024,64,96,36.42,430,238,686,53
1761033566044,64,95,37.07,867,936,947,71
1761033566064,67,99,36.82,135,507,637,80
1761033566084,70,99,36.98,709,161,301,58
1761033566104,64,98,36.86,21,490,167,87
1761033566124,81,99,36.03,785,353,581,62
1761033566144,91,95,36.04,544,957,155,95
1761033566164,95,97,37.08,168,561,648,57
1761033566184,71,99,37.01,216,416,443,99
1761033566204,66,96,36.23,951,44,830,76
1761033566224,63,97,36.04,766,474,333,77
1761033566244,76,97,36.03,394,564,901,61
1761033566264,90,97,36.75,87,889,406,72
1761033566284,92,99,36.66,311,658,740,58
1761033566304,61,98,36.08,74,678,423,70
1761033566324,89,98,37.15,326,422,960,97
1761033566344,90,96,36.36,435,483,578,85
1761033566364,94,97,37.19,559,440,875,68
1761033566384,100,99,36.51,503,818,628,72
1761033566404,93,100,37.04,272,167,673,71
1761033566424,71,98,36.58,658,816,554,61
1761033566444,99,99,36.22,87,888,868,63
1761033566464,78,96,36.17,468,991,844,66
1761033566484,72,99,36.46,297,431,967,83
1761033566504,69,97,36.65,914,430,57,69
1761033566524,98,97,36.83,408,471,21,92
1761033566544,76,98,36.27,391,410,366,70
1761033566564,96,100,36.31,601,674,404,75
1761033566584,76,97,36.52,499,206,482,81
1761033566604,93,98,36.93,722,802,739,96
1761033566624,96,99,37.06,509,506,985,50
1761033566644,66,99,37.09,537,584,369,51
1761033566664,96,97,36.49,536,201,724,82
1761033566684,66,95,36.53,385,181,808,66
1761033566704,68,96,36.31,43,676,772,85
1761033566724,85,97,36.46,235,33,453,55
1761033566744,93,98,36.55,343,251,514,68
1761033566764,95,97,36.22,300,374,890,51
1761033566784,92,98,36.06,233,272,315,96
1761033566804,88,96,36.69,895,842,585,66
1761033566824,88,96,36.81,195,112,986,87
1761033566844,78,99,36.73,949,31,480,92
1761033566864,78,96,36.73,555,61,991,76
1761033566884,70,97,36.04,839,605,737,81
1761033566904,80,99,36.24,260,761,128,87
1761033566924,92,96,37.17,67,607,910,84
1761033566944,74,96,37.13,805,155,977,94
1761033566964,60,98,36.28,704,363,334,71
1761033566984,71,95,37.09,245,400,799,53
1761033567004,91,96,36.08,808,822,316,82
1761033567024,86,100,37.04,314,333,466,99
1761033567044,74,99,36.48,652,155,342,94
1761033567065,72,100,36.98,701,896,132,88
1761033567083,82,100,36.5,749,488,497,83
1761033567104,81,99,36.02,778,729,792,58
1761033567124,86,99,36.78,218,572,115,95
1761033567145,89,97,36.65,445,224,27,91
1761033567164,74,97,36.41,868,903,937,55
1761033567184,67,97,37.18,890,687,838,68
1761033567204,66,95,36.66,350,244,394,54
1761033567224,64,98,36.06,421,686,33,87
1761033567244,86,96,36.56,861,596,858,89
1761033567264,88,95,37.16,965,92,88,82
1761033567284,75,96,36.87,138,128,201,57
1761033567304,69,96,36.29,94,192,403,55
1761033567324,78,100,36.99,639,511,549,82
1761033567344,84,98,36.41,432,421,666,62
1761033567364,61,96,36.91,830,996,320,95
1761033567384,91,97,36.68,466,389,181,70
1761033567404,75,97,36.72,655,972,91,96
1761033567423,76,98,36.21,945,708,467,89
1761033567444,63,96,36.47,797,77,171,63
1761033567464,90,96,36.34,497,396,612,83
1761033567484,61,96,36.02,873,307,927,86
1761033567504,78,95,36.85,815,902,25,88
1761033567524,78,96,36.92,711,410,739,54
1761033567544,79,99,36.56,804,954,276,88
1761033567564,89,97,37.13,222,424,227,69
1761033567584,81,96,36.26,279,278,564,50
1761033567605,98,97,36.67,250,243,34,64
1761033567624,64,98,36.39,204,277,996,55
1761033567644,71,100,36.16,889,532,553,61
1761033567664,91,99,36.56,686,313,737,59
1761033567684,76,99,36.28,201,584,506,64
1761033567704,60,96,36.47,779,98,180,100
1761033567724,72,96,36.39,141,865,247,87
1761033567744,79,97,36.12,787,226,216,71
1761033567765,81,97,36.09,338,720,363,73
1761033567784,62,96,36.89,911,116,265,64
1761033567804,70,98,36.37,892,939,485,88
1761033567824,96,99,36,523,18,863,77
1761033567844,71,97,36.41,301,425,601,98
1761033567864,94,100,37.06,2,296,672,97
1761033567884,66,95,36.54,819,394,716,81
1761033567904,69,96,36.22,978,124,993,58
1761033567924,62,95,36.25,896,942,215,58
1761033567944,68,95,37.08,242,567,475,84
1761033567964,96,96,36.68,28,470,28,86
1761033567984,87,98,36.84,514,3,181,80
1761033568004,80,98,36.47,545,359,866,73
1761033568023,96,96,36.36,963,255,901,87
1761033568044,69,98,36.97,79,937,478,85
1761033568064,63,97,36.63,443,269,723,54
1761033568083,70,97,36.5,492,689,545,76
1761033568104,98,99,36.58,122,108,228,87
1761033568124,79,99,37.19,803,268,594,60
1761033568144,73,97,36.16,261,533,411,83
1761033568163,93,96,36.81,270,184,784,98
1761033568184,99,100,36.06,993,330,429,62
1761033568204,71,97,36.35,279,415,133,81
1761033568223,78,98,36.3,612,422,563,87
1761033568244,79,97,36.98,144,480,709,84
1761033568263,76,96,36.62,136,324,107,86
1761033568284,94,97,37.01,592,476,753,62
1761033568304,82,98,36.4,817,906,805,59
1761033568324,98,96,36.75,834,256,356,82
1761033568344,81,100,36.96,584,683,790,53
1761033568364,92,98,36.27,102,176,646,68
1761033568384,77,98,36.42,737,999,203,96
1761033568404,95,99,36.52,296,447,690,72
1761033568424,61,96,36.01,545,527,639,67
1761033568444,79,95,36.83,461,391,940,93
1761033568463,81,97,36.13,524,267,486,62
1761033568484,90,100,36.99,624,132,505,80
1761033568504,62,95,36.3,495,115,571,89
1761033568523,88,96,36.68,125,708,551,59
1761033568544,74,97,36.75,701,275,643,57
1761033568564,68,99,37.18,982,416,697,74
1761033568585,96,95,36.96,829,686,456,89
1761033568604,94,96,36.23,88,247,498,71
1761033568624,94,96,37.07,623,72,142,71
1761033568643,98,95,36,800,418,457,86
1761033568664,76,96,36.09,237,253,245,57
1761033568684,70,97,36.04,769,517,717,64
1761033568704,61,100,36.48,944,196,379,58
1761033568723,64,97,36.62,484,877,898,81
1761033568744,82,100,37.15,930,226,452,93
1761033568765,96,96,36.01,783,633,107,95
1761033568784,86,98,36.28,161,922,766,53
1761033568804,61,99,36.38,798,651,622,70
1761033568824,70,98,37.01,569,117,434,51
1761033568843,98,98,36.49,686,660,797,76
1761033568864,82,97,36.22,308,126,359,57
1761033568884,96,98,36.45,886,223,345,87
1761033568904,74,100,36.81,809,307,569,97
1761033568924,73,97,36.3,576,620,578,52
1761033568944,62,96,36.51,237,247,222,81
1761033568964,66,98,36.34,105,274,229,61
1761033568984,99,97,36.49,926,93,41,79
1761033569004,88,97,36.23,219,41,164,61
1761033569023,78,96,36.83,132,757,10,60
1761033569044,91,97,36.84,542,831,942,87
1761033569064,62,98,36.16,529,146,576,70
1761033569084,99,100,36.6,80,881,902,52
1761033569104,78,97,36.96,891,268,318,77
1761033569124,61,99,36.52,819,213,897,58
1761033569144,91,99,36,718,812,33,99
1761033569164,86,97,37.06,636,62,639,82
1761033569184,72,97,37.03,647,697,775,69
1761033569204,71,97,36.28,708,8,503,87
1761033569224,64,96,36.83,584,786,720,80
1761033569244,70,97,37.07,364,414,235,91
1761033569264,93,96,36.37,976,505,167,77
1761033569283,91,99,37.04,777,745,516,61
1761033569304,65,98,36.58,61,575,438,64
1761033569324,75,99,36.08,831,102,884,75
1761033569345,76,97,36.31,536,523,331,95
1761033569363,94,98,36.93,218,390,381,51
1761033569385,64,97,37.18,773,500,628,90
1761033569404,87,99,37.18,358,436,598,56
1761033569423,81,100,36.25,261,259,235,65
1761033569444,93,96,36.81,580,716,8,97
1761033569464,61,97,36.46,866,197,455,92
1761033569484,73,100,37.07,171,530,867,94
1761033569504,99,96,36.26,109,165,216,65
1761033569524,92,97,37.19,56,407,470,94
1761033569544,91,100,36.14,64,552,594,87
1761033569564,80,95,36.64,487,641,666,81
1761033569584,86,95,36.57,268,825,507,89
1761033569605,88,100,36.43,282,565,45,97
1761033569623,77,97,36.72,581,874,603,94
1761033569644,99,99,36.43,399,610,47,59
1761033569664,91,96,36.64,803,137,939,75
1761033569684,63,99,36.68,293,601,334,99
1761033569704,77,100,36.44,989,875,602,51
1761033569724,69,95,36.68,821,92,809,81
1761033569744,81,99,36.94,514,391,276,69
1761033569764,82,96,36.69,287,555,431,98
1761033569784,62,95,36.76,798,676,840,88
1761033569804,61,99,36.31,849,719,608,70
1761033569824,94,97,36.82,731,671,744,71
1761033569844,76,97,36.49,328,336,865,55
1761033569864,82,98,36.57,106,274,568,50
1761033569885,92,99,36.88,595,11,652,53
1761033569903,87,97,36.11,450,11,742,73
1761033569923,72,95,36.98,631,409,69,66
1761033569944,81,99,36.22,172,254,209,70
1761033569964,84,95,36.44,562,659,385,100
1761033569983,96,99,36.85,657,543,162,91
1761033570004,64,98,36.96,0,371,149,60
1761033570023,95,99,36.51,755,67,962,72
1761033570044,89,98,36.76,897,593,894,63
1761033570064,67,97,36.27,625,203,889,63
1761033570082,72,99,37.02,324,19,943,82
1761033570104,90,99,36.35,659,78,174,96
1761033570124,76,99,36.41,435,128,126,82
1761033570144,87,99,37.12,624,474,706,87
1761033570163,66,99,37.09,565,999,717,61
1761033570185,84,98,36.63,721,812,984,93
1761033570204,90,98,36.37,31,440,334,84
1761033570224,64,96,37.13,287,819,717,92
1761033570244,83,97,36.32,187,515,699,93
1761033570264,76,99,36.13,278,611,102,64
1761033570284,72,98,36.35,499,355,602,80
1761033570304,71,98,36.44,7,312,846,71
1761033570324,63,98,36.94,730,663,813,89
1761033570344,79,99,36.94,582,857,3,60
1761033570364,92,99,36.88,674,156,456,65
1761033570384,65,98,37.01,607,988,332,97
1761033570404,97,95,36.09,479,992,84,96
1761033570424,86,95,36.85,181,641,809,54
1761033570444,73,97,36.46,36,864,438,80
1761033570464,64,96,36.13,130,903,992,66
1761033570483,90,97,37.05,125,826,594,51
1761033570504,93,99,37.1,543,448,287,80
1761033570524,80,95,36.14,806,477,136,98
1761033570544,81,97,36.88,232,608,29,60
1761033570564,62,96,36.85,886,443,469,80
1761033570584,62,99,36.52,318,612,134,69
1761033570604,87,97,36.3,315,556,464,60
1761033570622,72,98,36.9,217,908,669,97
1761033570644,62,97,36.63,982,337,449,56
1761033570663,97,97,36.73,292,299,181,94
1761033570685,81,100,36.41,521,329,424,64
1761033570704,93,99,37.2,745,985,411,78
1761033570723,75,96,37.2,137,526,642,76
1761033570744,91,98,36.32,410,210,697,76
1761033570763,67,98,37.1,805,514,128,93
1761033570784,99,100,36.91,953,892,588,74
1761033570804,93,95,36.02,551,943,972,68
1761033570824,76,100,36.47,508,250,649,85
1761033570845,91,95,36.89,304,500,799,75
1761033570864,81,97,36.57,60,503,491,68
1761033570884,71,100,36.99,559,512,312,93
1761033570904,77,99,37.16,566,913,237,98
1761033570924,83,95,36.38,213,716,6,86
1761033570943,94,96,36.44,27,581,788,61
1761033570965,67,97,36.07,870,136,551,53
1761033570983,83,98,37.1,468,640,856,55
1761033571005,95,96,36.42,161,425,317,91
1761033571024,93,96,36.16,81,123,15,74
1761033571044,74,96,36.23,230,988,33,52
1761033571064,93,96,36.61,452,330,99,90
1761033571084,69,100,36.45,132,631,823,74
1761033571104,88,95,36.41,576,152,925,72
1761033571124,93,99,36.04,904,753,382,99
1761033571144,62,100,36.91,289,154,713,58
1761033571164,79,100,36.86,821,808,998,94
1761033571184,92,98,36.59,880,883,161,52
1761033571204,92,98,36.99,819,831,677,65
1761033571224,73,97,37.02,159,705,494,54
1761033571244,65,100,36.33,115,46,719,81
1761033571265,66,99,36.12,750,846,784,83
1761033571284,70,99,36.84,592,649,923,73
1761033571304,61,98,36.56,59,51,917,75
1761033571324,65,96,36.75,546,431,71,68
1761033571344,78,98,36.63,597,944,59,79
1761033571364,87,98,37.17,54,493,634,98
1761033571384,81,98,36.51,918,78,554,81
1761033571404,60,96,36.77,303,568,261,100
1761033571424,71,97,36.36,118,371,13,85
1761033571444,78,96,36.68,723,167,580,72
1761033571464,80,96,36.22,666,182,459,100
1761033571484,90,98,36.02,439,841,65,58
1761033571504,65,95,36.13,269,399,801,53
1761033571524,83,100,36.51,662,129,177,72
1761033571544,68,96,36.86,323,676,811,57
1761033571565,63,98,36.16,816,376,400,71
1761033571584,63,99,36.06,689,31,724,61
1761033571604,93,99,36.01,851,71,67,83
1761033571624,87,99,36.28,24,803,470,53
1761033571644,93,99,36.26,257,368,133,96
1761033571664,93,98,36.33,375,914,196,95
1761033571684,68,100,37.18,219,200,970,99
1761033571704,84,98,36.81,54,497,668,97
1761033571724,96,96,37.04,111,320,6,51
1761033571744,82,99,36.17,616,160,113,75
1761033571764,63,99,36.1,186,317,131,78
1761033571784,74,97,36.64,901,210,502,83
1761033571804,68,99,36.2,446,270,852,55
1761033571824,98,95,36.82,651,721,95,69
1761033571844,76,95,36.22,705,452,466,92
1761033571864,82,96,36.03,59,722,410,92
1761033571884,73,98,36.97,951,922,432,96
1761033571904,88,99,36.55,166,595,68,99
1761033571925,82,100,36.99,222,430,551,71
1761033571944,69,96,37.09,627,15,136,99
1761033571964,62,98,36.32,538,754,153,55
1761033571984,86,95,36.29,644,211,853,85
1761033572004,65,99,36.28,664,987,601,87
1761033572024,99,96,36.85,556,80,540,90
1761033572044,88,96,36.43,762,864,495,57
1761033572064,68,95,36.09,956,259,722,68
1761033572084,97,98,37.08,88,86,246,64
1761033572104,93,96,37.15,435,440,898,95
1761033572125,80,98,36.49,262,330,307,88
1761033572144,64,97,36.9,745,184,1,76
1761033572163,96,98,36.69,651,610,963,95
1761033572185,91,96,36.5,648,921,372,58
1761033572204,70,99,36.26,312,189,804,83
1761033572224,83,95,36.9,677,205,593,89
1761033572244,81,96,36.91,777,619,986,79
1761033572264,75,99,36.88,298,487,976,93
1761033572284,68,98,36.08,102,910,24,67
1761033572304,83,96,36.07,97,505,60,67
1761033572324,70,96,36.39,54,528,859,81
1761033572344,83,95,36.24,410,644,896,97
1761033572363,87,96,36.11,632,339,418,53
1761033572384,96,99,36.5,248,590,429,64
1761033572405,69,98,36.86,892,505,131,50
1761033572423,93,99,36.85,418,359,426,94
1761033572443,96,96,36.13,207,208,425,64
1761033572464,99,98,37.2,541,483,843,84
1761033572484,99,98,36.97,418,267,660,68
1761033572503,86,96,36.2,772,135,965,75
1761033572523,68,95,37.03,668,146,281,88
1761033572544,79,98,36.5,46,826,827,75
1761033572564,90,97,36.85,11,527,741,75
1761033572584,99,96,36.52,185,897,213,70
1761033572603,86,96,36.56,944,467,51,66
1761033572624,80,97,36.1,652,548,435,99
1761033572644,97,98,36.96,784,40,207,66
1761033572664,96,99,37.18,305,42,268,53
1761033572684,66,100,36.97,621,60,325,82
1761033572704,89,97,36.82,373,819,648,55
1761033572723,72,99,37.11,176,705,128,87
1761033572744,69,97,36.21,886,571,582,90
1761033572765,85,100,36.42,765,422,863,84
1761033572784,68,99,36.49,525,903,648,92
1761033572804,93,99,36.34,719,929,428,67
1761033572824,67,96,36.84,43,608,41,96
1761033572844,85,97,36.01,479,977,110,59
1761033572863,72,98,36.58,788,695,471,94
1761033572884,66,99,36.24,518,981,631,95
1761033572905,72,96,36.17,204,45,849,85
1761033572924,78,96,36.69,24,103,575,82
1761033572944,66,100,36.56,56,109,805,67
1761033572964,83,98,36.59,390,117,745,92
1761033572984,65,98,36.38,436,293,709,96
1761033573004,62,96,37.11,433,48,393,67
1761033573024,73,96,36.96,896,935,49,75
1761033573044,86,96,36.32,10,421,313,88
1761033573064,73,99,37.02,730,314,621,71
1761033573084,88,99,36.56,0,389,642,92
1761033573104,83,97,36.45,733,31,749,60
1761033573124,84,98,36.31,174,16,624,77
1761033573144,92,96,36.92,109,861,828,54
1761033573163,89,97,36.78,761,70,346,93
1761033573184,67,97,36.93,648,329,921,61
1761033573204,94,97,36.73,164,922,40,67
1761033573224,90,97,36.04,212,217,890,53
1761033573244,91,98,37.01,722,105,316,54
1761033573263,70,96,37.07,149,723,531,91
1761033573284,91,97,36.49,903,890,930,57
1761033573304,99,96,36.11,896,692,981,90
1761033573324,68,99,36,932,811,561,87
1761033573344,98,95,36.36,657,275,478,94
1761033573363,62,97,36.37,100,478,391,70
1761033573384,83,98,36.3,952,362,522,60
1761033573405,74,98,36.08,734,826,703,70
1761033573424,96,99,36.18,644,27,136,70
1761033573444,95,99,36.72,471,352,195,56
1761033573463,89,99,36.68,610,868,636,80
1761033573484,90,98,36.36,303,393,26,76
1761033573505,91,99,36.5,929,674,880,95
1761033573522,76,98,37.01,647,447,808,90
1761033573544,70,96,36.7,148,297,872,73
1761033573564,62,100,36.42,319,152,219,88
1761033573584,89,96,36.45,784,241,637,63
1761033573604,60,99,36.62,878,668,846,62
1761033573624,86,97,37.13,195,352,996,99
1761033573644,78,98,36.22,764,952,978,98
1761033573664,88,97,36.47,780,246,142,77
1761033573685,85,96,36.07,116,891,287,86
1761033573704,79,95,36.28,713,340,280,54
1761033573723,81,97,37.04,359,502,95,70
1761033573744,81,98,36.73,270,470,949,52
1761033573764,85,97,37.16,465,32,834,90
1761033573784,96,99,36.49,559,345,384,51
1761033573804,93,98,36.23,356,973,825,79
1761033573824,94,96,36.4,188,459,630,100
1761033573844,70,100,36.11,890,850,452,93
1761033573864,71,99,36.5,777,35,727,76
1761033573884,80,98,36.27,988,467,739,66
1761033573904,93,95,36.41,256,14,704,51
1761033573924,77,98,36.5,43,414,571,63
1761033573944,97,100,36.28,292,334,520,93
1761033573964,70,99,36.86,1,984,660,99
1761033573985,61,98,36.42,424,267,41,60
1761033574004,62,97,36.2,343,631,678,77
1761033574024,85,96,36.19,539,218,146,91
1761033574044,87,96,36.25,843,793,945,89
1761033574064,98,97,36.6,441,128,530,64
1761033574084,65,96,36.33,377,162,977,95
1761033574104,73,99,36.96,907,485,652,81
1761033574124,99,98,36.02,872,667,121,65
1761033574144,75,98,36.79,794,852,584,50
1761033574164,67,98,36.74,425,243,913,57
1761033574184,89,99,36.84,450,147,400,65
1761033574204,99,98,36.98,609,308,778,83
1761033574224,77,98,36.91,209,209,951,71
1761033574245,89,99,36.4,447,937,299,84
1761033574263,93,100,36.65,850,915,506,54
1761033574284,61,96,36.91,918,320,231,100
1761033574304,91,98,36.38,931,61,568,81
1761033574324,63,100,36.13,811,449,757,57
1761033574344,84,97,36.64,516,112,359,96
1761033574363,94,97,36.14,540,768,833,54
1761033574384,77,99,37.06,67,809,601,72
1761033574405,97,96,37.11,610,533,579,91
1761033574424,84,99,36.27,796,593,793,53
1761033574444,85,100,36.87,968,981,303,71
1761033574463,89,98,36.93,833,858,857,85
1761033574485,95,98,37.16,693,368,5,96
1761033574503,60,100,36.97,924,118,585,56
1761033574524,99,95,37.06,481,896,863,84
1761033574544,60,96,36.37,41,887,239,96
1761033574564,92,95,36.09,287,294,796,64
1761033574584,97,97,36.19,677,866,509,69
1761033574604,79,99,37.03,182,63,311,66
1761033574624,77,99,36.86,151,543,71,51
1761033574644,76,98,36.65,885,317,877,84
1761033574664,80,97,36.58,546,649,590,90
1761033574685,86,98,36.18,957,802,695,61
1761033574704,98,100,36.62,750,402,736,67
1761033574724,65,96,37.17,452,719,105,78
1761033574744,70,97,36.62,857,57,389,81
1761033574764,76,100,36.21,446,856,797,92
1761033574784,91,97,36.09,673,530,157,65
1761033574804,80,98,36.89,662,439,928,55
1761033574824,64,97,36.29,584,666,967,64
1761033574844,86,100,36.14,419,779,242,79
1761033574865,71,98,36.68,755,204,75,99
1761033574884,84,98,36.52,288,633,919,80
1761033574904,67,98,36.75,155,582,433,95
1761033574924,70,97,37.06,195,452,140,57
1761033574943,99,95,37.19,512,758,488,52
1761033574964,71,96,36.58,734,661,22,51
1761033574984,68,98,36.51,267,248,217,67
1761033575005,97,100,37.07,654,316,484,78
1761033575024,88,96,36.63,352,846,94,60
1761033575044,72,96,36.95,457,478,400,57
1761033575064,75,96,36.49,463,412,715,84
1761033575084,77,96,36.63,100,325,953,85
1761033575104,67,95,36.34,548,930,261,91
1761033575124,84,97,36.04,992,492,526,80
1761033575144,87,95,36.16,971,683,488,64
1761033575164,68,98,36.14,527,728,20,97
1761033575184,81,100,36.32,405,354,119,82
1761033575204,83,97,36.32,587,452,499,58
1761033575224,87,98,36.36,290,5,127,68
1761033575244,97,100,36.73,818,859,126,99
1761033575263,81,100,36.09,191,999,239,56
1761033575284,98,97,37.1,868,998,547,87
1761033575305,62,96,36.92,535,709,473,76
1761033575324,71,100,36.9,709,456,986,90
1761033575344,65,99,36.22,346,833,774,74
1761033575363,60,97,36.14,260,964,236,98
1761033575384,92,99,36.2,780,636,283,73
1761033575404,91,97,36.09,882,116,962,57
1761033575424,61,97,37.19,580,421,607,86
1761033575444,99,95,36.23,226,945,533,95
1761033575464,75,96,37.1,76,250,80,68
1761033575484,63,96,36.02,83,353,782,65
1761033575504,93,96,36.74,729,148,126,83
1761033575524,66,96,37.03,8,520,780,76
1761033575544,99,98,37.17,643,961,811,66
1761033575563,81,96,36.04,986,479,72,84
1761033575585,74,96,36.23,998,180,422,78
1761033575604,89,96,37.06,730,44,58,94
1761033575624,92,97,37.04,945,854,767,83
1761033575644,60,99,37.07,960,989,378,66
1761033575663,72,99,36.45,465,417,947,64
1761033575684,86,97,37.17,984,475,588,95
1761033575705,75,97,37.1,23,732,431,96
1761033575724,68,96,36.31,203,691,436,59
1761033575744,81,99,36.29,961,241,705,98
1761033575763,62,99,36.39,567,389,521,57
1761033575784,93,95,36.37,47,784,204,57
1761033575805,99,95,36.21,672,543,674,56
1761033575824,88,96,36.49,691,947,188,57
1761033575844,81,96,37.11,677,789,304,84
1761033575864,74,96,37.18,25,644,849,71
1761033575884,80,95,36.45,933,587,744,86
1761033575904,87,99,36.15,819,937,647,95
1761033575924,64,98,36.91,70,879,845,98
1761033575944,84,98,36.25,562,797,261,71
1761033575963,71,95,36.55,330,679,636,65
1761033575984,75,97,36.51,653,888,563,61
1761033576004,92,99,36.39,986,759,306,89
1761033576023,82,96,36.8,773,440,832,86
1761033576045,63,95,37,129,638,678,66
1761033576063,64,97,36.53,462,958,379,66
1761033576084,94,98,36.87,635,753,364,75
1761033576104,94,95,36.64,689,889,457,82
1761033576124,89,99,37.09,664,511,596,97
1761033576144,65,98,36.7,448,628,17,51
1761033576164,64,97,36.13,90,9,803,81
1761033576184,73,96,36.7,296,830,309,83
1761033576204,93,98,36.39,550,277,859,95
1761033576224,69,99,36.23,718,43,605,95
1761033576244,80,98,36.28,604,391,876,78
1761033576264,78,98,36.74,93,793,691,73
1761033576284,62,97,37.11,142,793,183,55
1761033576303,97,99,36.32,143,470,789,91
1761033576323,73,95,36.84,877,617,534,69
1761033576344,92,99,36.36,346,155,130,74
1761033576364,96,96,36.72,224,90,276,56
1761033576384,82,98,36.08,582,51,255,92
1761033576404,82,98,36.81,608,526,357,62
1761033576424,90,95,36.87,263,219,749,73
1761033576444,91,98,37.17,565,893,878,64
1761033576464,69,97,36.58,232,842,143,92
1761033576484,69,96,36.6,879,39,70,54
1761033576504,98,95,36.46,550,659,641,80
1761033576524,72,95,36.02,100,661,643,94
1761033576544,69,98,36.78,713,312,35,64
1761033576564,81,100,37.09,963,148,435,61
1761033576584,79,96,36.63,114,806,990,88
1761033576604,99,95,36.13,574,273,489,71
1761033576624,80,100,36.35,551,429,869,98
1761033576644,93,97,36.07,378,677,202,56
1761033576664,92,97,36.55,356,471,277,56
1761033576684,94,97,36.23,54,127,477,91
1761033576704,78,96,36.48,403,673,905,79
1761033576724,78,96,36.72,291,6,714,73
1761033576744,60,96,36.82,453,211,453,87
1761033576764,67,97,36.64,161,906,489,71
1761033576784,63,97,36.35,299,609,864,87
1761033576804,80,95,36.87,64,929,385,79
1761033576825,90,98,37.07,173,884,901,84
1761033576844,61,97,36.67,960,155,360,58
1761033576864,79,97,36.6,357,919,97,83
1761033576884,70,96,36.28,499,226,809,99
1761033576904,90,99,36.54,274,225,717,82
1761033576924,62,98,37.05,270,748,681,57
1761033576944,79,99,36.44,399,240,427,74
1761033576964,77,99,36.03,328,252,617,97
1761033576984,66,97,36.76,880,692,270,61
1761033577004,78,97,36.53,227,88,951,71
1761033577024,72,100,37.04,95,879,472,93
1761033577044,71,96,36.31,913,768,149,61
1761033577063,85,98,36.35,838,483,481,72
1761033577083,64,98,36.03,169,840,447,64
1761033577104,94,96,36.01,815,866,619,99
1761033577124,72,96,37.18,597,690,323,61
1761033577144,79,95,36.7,461,320,473,59
1761033577163,77,99,36.23,693,822,511,57
1761033577184,83,98,36.69,414,917,149,65
1761033577204,69,95,36.23,680,401,497,95
1761033577224,81,97,36.13,335,744,217,59
1761033577244,74,98,36.22,604,853,887,95
1761033577264,69,98,36.06,584,213,950,87
1761033577284,60,98,36.76,155,186,828,79
1761033577304,75,98,36.59,326,897,177,71
1761033577324,74,99,36.19,804,747,909,68
1761033577344,81,97,36.35,226,518,563,95
1761033577364,71,97,37,302,272,711,62
1761033577384,62,98,36.71,798,179,56,58
1761033577405,91,95,37.07,657,233,439,66
1761033577424,93,96,36.63,474,886,46,96
1761033577444,98,98,36.93,680,405,131,99
1761033577464,83,98,36.68,78,350,259,57
1761033577484,65,97,37.18,2,401,612,93
1761033577504,94,95,36.34,401,324,817,67
1761033577524,66,99,36.45,94,475,23,56
1761033577544,64,95,36.4,361,788,172,81
1761033577563,83,96,36.24,722,651,966,70
1761033577584,84,96,36.29,28,604,848,76
1761033577604,87,96,36.16,96,364,524,88
1761033577624,80,96,36.62,449,473,447,65
1761033577644,84,96,36.6,369,737,136,91
1761033577664,89,99,36.01,206,47,31,85
1761033577684,96,98,36.07,131,594,73,78
1761033577704,86,100,37.09,245,566,659,72
1761033577724,82,97,36.73,548,50,976,62
1761033577744,64,96,36.76,507,228,580,77
1761033577764,70,95,36.37,426,918,518,69
1761033577784,97,99,37.03,685,443,472,70
1761033577804,97,96,36.75,867,102,6,50
1761033577824,73,100,36.85,522,790,445,77
1761033577844,97,100,36.24,745,125,441,74
1761033577864,95,97,36.37,500,129,48,99
1761033577884,67,96,36.7,569,416,70,85
1761033577904,75,97,36.64,216,310,685,65
1761033577923,81,98,36.36,469,11,113,83
1761033577945,98,98,37.1,900,28,37,88
1761033577964,84,98,36.44,700,553,85,93
1761033577984,93,96,36.92,479,479,56,79
1761033578004,98,96,36.76,67,816,251,69
1761033578024,66,99,36.6,175,569,92,89
1761033578044,76,97,36.42,140,703,317,99
1761033578064,81,99,36.94,418,13,788,77
1761033578084,66,96,36.6,249,561,895,57
1761033578104,94,98,37.13,427,355,149,99
1761033578123,64,96,36.39,821,765,662,96
1761033578145,88,100,37.1,137,406,473,62
1761033578163,62,98,36.04,581,464,314,72
1761033578184,91,100,36.38,167,155,468,92
1761033578204,62,98,36.18,494,342,569,58
1761033578223,66,96,36.54,823,908,446,63
1761033578245,76,95,36.58,76,288,808,63
1761033578264,75,99,36.85,991,702,199,89
1761033578284,60,95,36.9,649,67,982,50
1761033578304,89,97,36.69,425,651,20,50
1761033578324,81,97,36.34,717,462,532,68
1761033578344,78,97,36.93,920,211,87,67
1761033578364,68,98,36.47,908,770,740,97
1761033578384,87,99,37.1,656,568,737,88
1761033578404,67,98,36.4,759,519,582,91
1761033578424,64,96,36.85,191,684,618,82
1761033578444,70,95,36.59,254,601,650,72
1761033578463,86,97,36.35,690,976,378,59
1761033578484,70,97,36.94,220,291,544,60
1761033578504,73,95,36.18,423,840,597,80
1761033578524,86,95,37.16,214,82,989,76
1761033578544,81,95,37.05,933,148,988,87
1761033578564,88,98,37.19,161,1,208,68
1761033578584,68,96,36.16,480,171,613,76
1761033578604,96,97,36.66,718,475,690,68
1761033578624,75,100,36.79,781,92,839,56
1761033578644,90,96,37.11,74,41,846,82
1761033578664,67,99,37.01,78,718,795,100
1761033578684,92,97,36.62,847,62,25,50
1761033578704,62,98,36.98,906,346,513,93
1761033578724,75,99,36.12,439,420,134,86
1761033578744,95,97,36.39,23,712,62,85
1761033578764,65,97,36.67,611,446,536,70
1761033578785,75,100,36.08,292,821,992,91
1761033578804,93,99,36.86,110,981,228,61
1761033578824,73,98,36.58,961,891,627,66
1761033578844,100,96,36.47,96,353,661,52
1761033578864,61,96,36.86,9,583,430,94
1761033578884,72,100,36.44,544,22,729,72
1761033578904,72,97,36.78,724,396,517,95
1761033578924,71,100,36.42,488,793,488,96
1761033578944,80,98,36.18,234,476,622,51
1761033578964,93,99,36.21,273,278,278,81
1761033578984,99,100,36.58,923,783,581,91
1761033579004,79,97,36.98,303,904,537,80
1761033579024,98,99,36.8,590,7,803,65
1761033579044,74,98,36.66,400,771,482,98
1761033579063,62,99,36.7,596,689,489,58
1761033579084,62,98,36.02,254,380,815,65
1761033579104,67,98,36.66,834,207,520,94
1761033579124,98,99,36.38,652,268,751,77
1761033579143,96,98,36.46,123,230,912,84
1761033579163,93,99,36.66,628,195,799,79
1761033579183,65,96,36.9,992,101,858,89
1761033579204,98,99,36.48,128,12,640,92
1761033579224,62,97,36.85,51,915,787,69
1761033579244,60,96,36.36,376,291,844,57
1761033579264,76,96,37.1,141,731,168,59
1761033579283,68,96,36.41,603,915,137,76
1761033579305,79,97,36.53,985,193,866,94
1761033579324,91,95,36.57,371,958,242,91
1761033579344,68,96,36.71,913,807,282,66
1761033579363,75,96,36.59,17,770,806,78
1761033579384,75,96,36.47,713,845,433,74
1761033579404,87,96,36.49,594,939,234,60
1761033579424,74,97,36.6,848,5,928,72
1761033579444,99,97,37.08,67,308,56,69
1761033579464,83,99,36.42,297,489,733,71
1761033579484,86,98,36.95,814,672,756,65
1761033579504,77,96,37.16,103,862,564,56
1761033579524,80,100,36.58,478,210,729,73
1761033579543,69,96,36.04,73,754,759,81
1761033579564,71,100,37.07,581,125,781,60
1761033579584,75,98,36.87,974,188,43,69
1761033579604,67,97,37.01,108,178,726,99
1761033579624,62,96,36.83,497,510,688,56
1761033579644,85,97,36.07,820,816,511,69
1761033579664,98,97,36.79,827,963,468,89
1761033579685,72,95,37.15,541,465,285,51
1761033579704,72,97,36.57,358,933,890,71
1761033579724,93,97,36.63,634,402,280,94
1761033579744,78,98,36.78,854,678,746,72
1761033579764,82,100,36.23,706,688,807,93
1761033579784,93,99,36.85,677,506,200,77
1761033579804,61,98,37.13,242,106,637,77
1761033579824,93,98,36.26,150,760,806,51
1761033579844,86,97,36.23,125,732,799,74
1761033579864,94,99,36.33,310,230,503,91
1761033579884,63,100,36.97,860,161,446,75
1761033579904,75,96,36.4,67,33,253,92
1761033579924,92,97,36.14,645,405,24,59
1761033579944,75,98,36.25,439,576,439,71
1761033579964,80,96,36.3,544,948,979,75
1761033579984,98,97,36.09,105,614,438,66
1761033580004,89,95,36.89,221,866,495,78
1761033580024,70,95,36.36,112,797,259,62
1761033580044,63,99,36.46,144,133,459,74
1761033580064,62,96,37.15,138,964,437,97
1761033580084,78,96,36.81,177,744,723,53
1761033580104,64,100,37.1,888,934,288,98
1761033580124,79,98,36.42,408,97,621,96
1761033580144,66,95,36.25,240,286,513,75
1761033580164,77,100,36.45,590,638,911,67
1761033580184,92,97,36.1,268,61,55,75
1761033580204,99,99,36.68,3,785,757,62
1761033580224,96,99,36.28,747,767,983,69
1761033580244,74,96,36.88,518,234,76,99
1761033580264,62,95,36.72,953,393,595,67
1761033580283,65,98,36.03,328,705,784,66
1761033580305,75,96,37.14,992,192,718,81
1761033580324,73,100,36.24,151,809,279,76
1761033580344,85,99,36.18,413,860,682,81
1761033580364,74,98,36.09,650,563,281,56
1761033580384,77,97,36.02,66,992,356,66
1761033580404,84,98,36.49,697,514,693,69
1761033580424,62,98,36.97,354,738,774,52
1761033580444,79,97,36.46,80,835,371,54
1761033580464,95,97,36.91,785,291,763,99
1761033580484,69,99,36.26,281,780,262,82
1761033580504,66,95,36.54,241,568,19,93
1761033580524,88,97,37,45,949,960,59
1761033580544,63,99,36.41,650,875,601,89
1761033580563,67,98,37.09,52,543,288,50
1761033580583,80,95,36.31,166,14,711,50
1761033580604,65,96,36.63,186,790,673,75
1761033580624,80,97,36.53,645,496,942,79
1761033580644,81,96,36.47,155,45,671,68
1761033580665,78,100,37.15,21,964,32,56
1761033580684,65,97,36.61,466,192,658,89
1761033580704,81,95,37.08,534,921,330,79
1761033580724,97,99,36.4,390,313,386,79
1761033580744,93,98,36.24,802,706,791,60
1761033580764,64,98,36.93,708,355,937,93
1761033580784,90,95,36.65,154,247,407,78
1761033580804,67,99,36.79,660,599,335,76
1761033580824,73,95,36.35,786,267,608,71
1761033580844,75,96,36.36,704,844,485,78
1761033580864,83,100,36.15,247,841,56,72
1761033580884,87,98,36.87,442,585,665,68
1761033580904,86,100,36.16,257,452,60,80
1761033580924,80,95,36.09,264,274,979,92
1761033580944,91,99,36.87,818,846,486,99
1761033580964,67,99,36.32,442,323,810,72
1761033580984,79,99,36.92,201,670,370,82
1761033581003,94,95,36.96,450,724,673,61
1761033581023,82,95,36.26,374,148,765,69
1761033581044,92,96,36.25,562,919,3,79
1761033581064,93,97,37.06,760,574,499,93
1761033581084,94,95,37.12,172,489,435,56
1761033581104,65,98,36.24,838,157,339,66
1761033581124,62,96,36.82,8,491,556,51
1761033581143,62,96,37.17,445,663,172,79
1761033581165,73,95,37.01,845,306,121,89
1761033581184,64,98,36.54,904,492,479,98
1761033581204,68,97,36.16,444,13,717,56
1761033581224,85,99,36.58,725,454,640,57
1761033581244,78,97,36.84,766,205,603,72
1761033581264,69,98,36.53,625,660,237,61
1761033581284,88,98,36.06,611,927,85,91
1761033581304,64,96,36.27,650,607,915,67
1761033581324,70,95,36.65,389,421,616,85
1761033581344,63,96,36.49,111,490,235,78
1761033581364,68,97,37.2,164,635,999,66
1761033581383,72,95,36.8,13,387,285,74
1761033581404,64,96,37.05,796,9,622,97
1761033581424,85,97,36.04,832,513,546,76
1761033581444,63,99,37.17,890,954,639,84
1761033581464,73,97,36.42,682,44,355,68
1761033581484,75,98,37.14,788,49,786,76
1761033581504,93,97,36.57,207,64,449,60
1761033581524,69,96,37.16,182,829,748,62
1761033581544,72,99,36.1,705,640,493,87
1761033581564,89,97,36.47,521,72,135,99
1761033581584,81,95,36.75,428,931,20,85
1761033581604,91,98,37.2,636,762,545,88
1761033581624,94,97,36.38,548,56,657,98
1761033581644,73,98,36.15,195,472,230,99
1761033581663,72,98,36.99,497,40,232,92
1761033581684,81,98,36.1,761,346,180,75
1761033581704,83,95,36.43,225,383,958,98
1761033581724,99,100,36.34,182,805,142,84
1761033581744,64,96,36.07,212,808,595,80
1761033581764,96,97,36.79,882,753,36,80
1761033581784,66,97,36.77,13,834,724,87
1761033581803,78,97,36.15,47,64,810,95
1761033581825,81,95,36.59,209,121,563,75
1761033581844,83,98,36.01,138,641,517,78
1761033581864,63,96,36.02,673,785,441,68
1761033581884,85,97,36.01,628,82,427,53
1761033581903,86,99,36.19,910,307,21,63
1761033581923,70,96,37.15,612,755,149,56
1761033581945,71,96,36.61,594,180,972,76
1761033581964,94,95,36.82,954,556,837,70
1761033581984,83,99,37.15,529,959,452,77
1761033582004,75,99,36.85,287,972,131,99
1761033582024,68,99,36.34,412,262,659,88
1761033582044,92,95,36.02,169,201,231,98
1761033582064,76,98,36.44,851,630,71,61
1761033582084,83,99,36.02,867,222,224,53
1761033582104,81,97,36.34,292,809,573,54
1761033582125,72,97,36.36,100,799,74,67
1761033582144,86,96,36.38,916,714,214,72
1761033582164,68,100,36.18,807,193,569,61
1761033582183,92,97,36.72,875,3,366,100
1761033582204,89,99,37.18,81,170,997,51
1761033582223,71,98,36.34,611,511,292,80
1761033582244,80,99,36.75,71,514,244,53
1761033582264,76,98,36.26,748,485,898,52
1761033582283,62,98,36.51,36,820,103,89
1761033582305,64,96,36.25,891,572,720,92
1761033582324,62,97,36.56,434,719,484,95
1761033582343,66,98,36.74,784,410,506,58
1761033582363,65,95,36.88,433,750,21,89
1761033582384,75,95,36.74,300,825,535,73
1761033582404,78,97,37.04,722,932,449,73
1761033582425,85,99,36.44,572,752,426,83
1761033582444,74,95,36.25,9,891,299,71
1761033582463,78,98,37.03,13,500,242,71
1761033582484,71,96,36.86,886,119,47,61
1761033582504,71,97,36.5,250,496,734,98
1761033582523,73,97,36.72,358,585,762,58
1761033582544,71,96,37.16,645,52,161,69
1761033582564,90,98,36.5,780,993,780,82
1761033582584,88,98,36.71,327,369,917,91
1761033582605,72,98,36.81,521,868,126,68
1761033582623,77,96,37.05,883,370,360,85
1761033582644,87,98,36.5,752,895,598,61
1761033582664,78,96,36.84,590,205,536,82
1761033582684,63,99,36.99,557,485,125,68
1761033582704,64,95,36.5,467,595,674,54
1761033582724,76,99,36.59,953,665,390,77
1761033582744,61,96,36.99,24,310,110,71
1761033582763,82,97,36.14,768,361,261,85
1761033582784,63,96,36.66,853,876,907,88
1761033582804,97,97,37.2,491,220,288,58
1761033582824,74,97,36.33,591,421,620,70
1761033582845,90,99,36.3,363,121,135,98
1761033582864,71,96,36.35,715,357,425,68
1761033582884,62,99,36.31,635,979,235,83
1761033582904,78,99,36.18,62,189,65,89
1761033582924,85,95,36.16,977,298,825,70
1761033582944,86,96,36.27,744,224,583,99
1761033582964,94,97,36.26,843,16,517,84
1761033582984,65,100,36.9,886,999,258,76
1761033583004,75,96,36.77,745,728,308,95
1761033583024,85,95,36.26,583,310,370,84
1761033583045,80,96,36.64,565,931,754,53
1761033583063,87,97,36.2,623,484,879,99
1761033583083,86,95,36.88,930,405,888,71
1761033583105,84,99,37.14,434,749,860,85
1761033583124,67,98,36.87,716,262,577,77
1761033583144,66,95,36.81,585,717,462,50
1761033583164,62,99,36.95,670,968,420,66
1761033583184,72,97,36.71,105,383,727,68
1761033583204,70,98,36.83,476,981,455,93
1761033583224,98,96,36.75,179,682,926,87
1761033583244,65,98,37.16,983,371,946,80
1761033583264,85,99,36.13,364,667,308,58
1761033583284,70,99,36.04,665,92,929,62
1761033583303,71,97,36.04,918,870,145,90
1761033583325,90,98,36.2,965,596,696,71
1761033583344,95,99,36.02,318,269,242,56
1761033583364,90,97,36.09,742,89,526,72
1761033583384,94,96,36.16,479,830,107,65
1761033583404,92,99,36.15,954,131,426,80
1761033583423,76,96,36.93,805,467,960,66
1761033583445,94,95,36.27,240,365,525,100
1761033583464,79,96,37.03,747,495,118,96
1761033583484,75,97,36.41,955,516,213,66
1761033583503,80,96,36.62,296,354,203,58
1761033583524,87,98,36.65,762,899,902,93
1761033583544,80,96,36.77,979,210,840,66
1761033583564,64,99,36.31,647,214,201,96
1761033583584,100,95,36.33,629,230,707,90
1761033583604,76,97,36.06,65,91,581,84
1761033583624,79,96,36.54,218,618,722,60
1761033583644,82,99,36.6,65,445,719,69
1761033583664,76,97,36.36,417,264,234,70
1761033583684,72,99,36.19,767,17,592,92
1761033583704,66,95,36.77,372,157,986,73
1761033583724,72,97,36.71,846,160,63,88
1761033583744,86,96,37.19,459,140,361,92
1761033583764,85,97,36.68,545,497,550,51
1761033583784,74,96,37.05,762,26,50,90
1761033583804,81,95,36.24,468,885,4,58
1761033583824,71,95,36.62,921,724,510,65
1761033583844,87,96,36.61,721,948,919,98
1761033583864,86,97,36.98,728,965,239,78
1761033583884,94,100,36.65,856,858,884,70
1761033583904,61,96,37.06,133,190,709,65
1761033583924,80,99,37.02,91,635,126,55
1761033583944,62,97,36.7,84,197,428,79
1761033583963,65,96,36.46,263,814,522,81
1761033583984,76,96,36.86,587,511,278,91
1761033584004,96,99,37.02,932,315,794,53
1761033584024,91,95,36.77,951,812,278,96
1761033584044,77,99,37.13,836,272,30,78
1761033584063,99,97,36.44,288,1,920,60
1761033584084,81,96,36.69,804,399,176,56
1761033584104,74,98,36.77,824,754,450,53
1761033584124,72,95,36.98,297,782,510,72
1761033584144,94,96,37.19,533,483,924,98
1761033584163,93,96,36.56,52,605,65,74
1761033584184,90,99,36.84,204,584,510,52
1761033584204,98,95,36.79,910,611,732,77
1761033584224,67,97,36.36,159,977,201,79
1761033584244,79,96,36.12,420,447,833,81
1761033584264,87,97,36.88,785,968,35,73
1761033584284,90,96,36.03,960,717,761,75
1761033584304,71,96,36.7,703,968,876,94
1761033584324,84,98,37.18,70,929,124,99
1761033584344,91,100,36.17,350,136,537,78
1761033584364,96,100,36.06,680,576,383,85
1761033584384,88,97,36.86,746,64,856,72
1761033584404,92,97,37.2,545,347,268,71
1761033584424,89,98,36.43,762,756,3,70
1761033584444,81,95,36.62,282,795,373,59
1761033584464,73,98,36.64,589,318,555,58
1761033584484,66,99,36.12,57,746,465,53
1761033584504,61,95,36.84,208,726,879,72
1761033584524,61,96,36.58,565,962,311,68
1761033584544,71,98,37.2,106,150,204,77
1761033584564,70,96,36.5,363,330,861,78
1761033584584,67,98,36.08,992,684,622,63
